pid,name,team,pos,photo,mp,starts,mins,g,a,yc,rc,rating_best,xg,xa,gk_shots_faced,gk_xgot_faced,gk_goals_conceded,prog_passes,prog_carries,shots,sot,passes,passAcc,keyPasses,touches,tackles,interceptions,aerials,dribbles,fouls,clearances,dispossessed,saves,ga,rating,pass_pct,xg_diff,xa_diff,xgi,gk_goals_prevented,xt_added_p90
71824,Pascal Gro,Brighton & Hove Albion,DMC,https://images.fotmob.com/image_resources/playerimages/167008.png,5,5,476,3,3,2,0,9.5,1.6,0.67,0,0.0,0,69,0,10,3,319,284,15,411,13,4,4,0,8,4,2,0,6,7.74,89,1.4,2.33,2.27,,0.128
373525,Joao Pedro,Chelsea,FW,https://images.fotmob.com/image_resources/playerimages/1021382.png,4,4,379,3,2,1,0,8.3,2.03,0.14,0,0.0,0,12,2,11,4,84,56,7,162,3,0,14,7,5,3,5,0,5,7.65,67,0.97,1.86,2.17,,0.0314
315227,Erling Haaland,Manchester City,FW,https://images.fotmob.com/image_resources/playerimages/737066.png,4,4,380,4,0,0,0,8.6,2.91,0.41,0,0.0,0,3,3,16,9,51,35,1,104,2,0,9,4,1,8,4,0,4,7.68,69,1.09,-0.41,3.32,,0.0492
123761,Bruno Fernandes,Manchester United,AMC,https://images.fotmob.com/image_resources/playerimages/422685.png,4,4,385,3,1,0,0,10.0,2.04,0.85,0,0.0,0,68,0,16,5,264,225,9,336,7,0,0,2,3,2,2,0,4,7.48,85,0.96,0.15,2.89,,0.1315
362824,Morgan Rogers,Chelsea,AMC,https://images.fotmob.com/image_resources/playerimages/883080.png,5,5,454,3,1,1,0,8.2,1.37,0.99,0,0.0,0,38,5,15,5,135,105,11,228,7,0,8,9,5,3,4,0,4,7.36,78,1.63,0.01,2.36,,0.0716
386153,Rayan Cherki,Manchester City,Sub,https://images.fotmob.com/image_resources/playerimages/1104053.png,4,3,224,2,2,1,0,8.9,0.85,1.09,0,0.0,0,27,4,7,3,185,170,10,232,1,0,0,5,5,1,5,0,4,7.55,92,1.15,0.91,1.94,,0.1764
457802,Mohamed Belloumi,Hull City,MR,https://images.fotmob.com/image_resources/playerimages/1231090.png,5,5,400,2,2,1,0,8.0,0.89,0.32,0,0.0,0,24,2,13,5,78,56,5,184,24,9,2,6,7,3,1,0,4,7.52,72,1.11,1.68,1.21,,-0.0169
395692,Cole Palmer,Chelsea,AMC,https://images.fotmob.com/image_resources/playerimages/1096353.png,5,5,463,2,2,1,0,9.1,1.49,0.57,0,0.0,0,35,4,17,5,169,137,11,261,10,1,1,9,4,1,10,0,4,7.26,81,0.51,1.43,2.06,,0.135
352825,Cody Gakpo,Liverpool,AML,https://images.fotmob.com/image_resources/playerimages/806552.png,4,3,299,1,3,0,0,8.6,0.45,1.23,0,0.0,0,34,2,8,1,97,82,8,169,9,5,1,4,4,2,4,0,4,7.32,85,0.55,1.77,1.68,,0.1068
344314,Marcus Tavernier,AFC Bournemouth,AML,https://images.fotmob.com/image_resources/playerimages/789630.png,4,4,359,3,0,2,0,8.1,1.37,0.85,0,0.0,0,31,0,13,8,131,111,8,224,10,0,3,3,3,5,8,0,3,7.57,85,1.63,-0.85,2.22,,0.1884
367185,Bukayo Saka,Arsenal,AMR,https://images.fotmob.com/image_resources/playerimages/961995.png,5,5,433,3,0,0,0,8.1,3.6,0.81,0,0.0,0,52,2,15,9,157,129,7,263,9,3,2,7,2,5,3,0,3,7.44,82,-0.6,-0.81,4.41,,0.0346
407260,Kevin Schade,Brentford,AML,https://images.fotmob.com/image_resources/playerimages/1083796.png,5,5,468,3,0,0,0,8.0,1.38,0.29,0,0.0,0,27,1,13,6,105,67,3,220,10,0,15,4,2,5,9,0,3,7.32,64,1.62,-0.29,1.67,,0.0936
141469,Dominic Calvert-Lewin,Leeds United,FW,https://images.fotmob.com/image_resources/playerimages/612150.png,4,4,335,3,0,3,0,8.9,2.71,0.09,0,0.0,0,5,1,10,6,54,31,1,96,2,0,20,1,8,5,0,0,3,7.25,57,0.29,-0.09,2.8,,0.023
299254,Alexander Isak,Liverpool,FW,https://images.fotmob.com/image_resources/playerimages/690107.png,4,4,351,3,0,0,0,8.4,2.92,0.06,0,0.0,0,4,3,12,6,41,35,2,88,1,0,5,4,1,1,4,0,3,7.17,85,0.08,-0.06,2.98,,0.0157
429556,Emersonn,Ipswich Town,FW,https://images.fotmob.com/image_resources/playerimages/1320949.png,5,5,317,2,1,0,0,7.9,1.07,0.16,0,0.0,0,5,2,9,4,38,27,4,99,6,0,7,3,1,3,2,0,3,6.76,71,0.93,0.84,1.23,,0.0461
366211,Leif Davis,Ipswich Town,DL,https://images.fotmob.com/image_resources/playerimages/980381.png,5,5,480,2,1,0,0,7.8,1.28,0.39,0,0.0,0,37,0,6,3,140,106,4,249,2,3,3,0,1,15,4,0,3,6.66,76,0.72,0.61,1.67,,0.1306
332867,Morgan Gibbs-White,Nottingham Forest,AMC,https://images.fotmob.com/image_resources/playerimages/789502.png,5,5,475,1,2,0,0,8.2,1.55,1.01,0,0.0,0,43,1,10,3,174,148,14,280,7,1,3,5,4,1,6,0,3,7.02,85,-0.55,0.99,2.56,,0.1036
331382,Harvey Barnes,Newcastle United,AML,https://images.fotmob.com/image_resources/playerimages/760359.png,5,5,477,1,2,0,0,8.1,0.63,0.29,0,0.0,0,22,1,8,4,101,83,6,189,7,3,4,2,5,11,3,0,3,6.96,82,0.37,1.71,0.92,,0.0795
384430,Evanilson,AFC Bournemouth,FW,https://images.fotmob.com/image_resources/playerimages/1098096.png,4,4,340,0,3,1,0,7.3,1.48,0.51,0,0.0,0,11,2,6,0,78,55,6,136,2,5,10,2,7,5,4,0,3,7.02,71,-1.48,2.49,1.99,,0.0415
469629,Jack Hinshelwood,Brighton & Hove Albion,AMC,https://images.fotmob.com/image_resources/playerimages/1251334.png,1,1,63,2,0,0,0,8.9,1.27,0.01,0,0.0,0,3,1,3,2,14,13,1,25,2,0,1,1,0,0,0,0,2,8.9,93,0.73,-0.01,1.28,,0.04
298689,Vitaly Janelt,Brentford,DMC,https://images.fotmob.com/image_resources/playerimages/688273.png,5,5,474,2,0,3,0,8.8,0.76,0.28,0,0.0,0,46,1,4,2,223,184,5,312,24,16,4,1,9,7,3,0,2,7.56,83,1.24,-0.28,1.04,,0.102
247454,Martin degaard,Arsenal,AMC,https://images.fotmob.com/image_resources/playerimages/534670.png,5,5,377,2,0,0,0,8.2,0.83,0.93,0,0.0,0,49,0,7,2,241,219,12,299,7,1,0,2,2,4,1,0,2,7.16,91,1.17,-0.93,1.76,,0.2
413211,Anthony Elanga,Newcastle United,AMR,https://images.fotmob.com/image_resources/playerimages/1050166.png,3,3,232,2,0,1,0,7.7,0.45,0.3,0,0.0,0,17,1,4,3,48,31,4,88,6,0,2,2,3,2,0,0,2,7.1,65,1.55,-0.3,0.75,,0.0641
353377,Bryan Mbeumo,Manchester United,AMR,https://images.fotmob.com/image_resources/playerimages/923312.png,4,4,385,2,0,1,0,8.3,2.52,0.39,0,0.0,0,33,1,14,5,119,101,7,190,11,3,4,1,3,1,2,0,2,7.08,85,-0.52,-0.39,2.91,,0.059
515865,Josh King,Fulham,AMC,https://images.fotmob.com/image_resources/playerimages/1422593.png,4,4,358,2,0,0,0,7.7,0.88,0.26,0,0.0,0,16,5,11,5,131,109,4,196,9,1,0,6,3,2,3,0,2,7.08,83,1.12,-0.26,1.14,,0.0381
326413,Kai Havertz,Arsenal,FW,https://images.fotmob.com/image_resources/playerimages/749736.png,5,5,464,2,0,1,0,8.2,1.2,0.22,0,0.0,0,23,0,10,6,113,88,5,177,0,3,14,1,6,3,3,0,2,7.06,78,0.8,-0.22,1.42,,0.0385
533015,Malick Yalcouye,Brighton & Hove Albion,Sub,https://images.fotmob.com/image_resources/playerimages/1602352.png,5,3,253,2,0,0,0,8.0,1.31,0.43,0,0.0,0,14,3,7,4,99,86,5,153,7,0,2,6,3,5,1,0,2,7.04,87,0.69,-0.43,1.74,,0.0828
533923,Charalampos Kostoulas,Brighton & Hove Albion,Sub,https://images.fotmob.com/image_resources/playerimages/1561249.png,5,4,363,2,0,1,0,7.9,1.66,0.05,0,0.0,0,6,3,13,5,80,59,2,161,6,0,8,5,5,5,8,0,2,6.98,74,0.34,-0.05,1.71,,-0.0016
537713,Thierno Barry,Everton,FW,https://images.fotmob.com/image_resources/playerimages/1398392.png,5,5,434,2,0,0,0,7.4,2.97,0.15,0,0.0,0,4,2,17,5,72,55,5,146,2,2,17,4,3,3,4,0,2,6.88,76,-0.97,-0.15,3.12,,0.0007
342563,Joe Willock,Newcastle United,Sub,https://images.fotmob.com/image_resources/playerimages/860975.png,5,3,299,2,0,0,0,7.6,0.82,0.26,0,0.0,0,17,2,10,3,109,103,2,174,7,1,0,4,5,2,6,0,2,6.8,94,1.18,-0.26,1.08,,0.0344
389579,Tyrick Mitchell,Crystal Palace,DML,https://images.fotmob.com/image_resources/playerimages/1120224.png,4,4,341,2,0,0,0,8.1,0.78,0.16,0,0.0,0,30,2,5,2,104,81,5,199,10,2,1,2,2,9,4,0,2,6.67,78,1.22,-0.16,0.94,,0.0799
392647,Maxim De Cuyper,Brighton & Hove Albion,AML,https://images.fotmob.com/image_resources/playerimages/1134871.png,5,5,440,1,1,2,0,8.5,1.26,0.65,0,0.0,0,60,0,7,1,196,171,11,284,10,2,0,2,7,6,1,0,2,7.4,87,-0.26,0.35,1.91,,0.0988
532577,Johan Manzambi,Aston Villa,Sub,https://images.fotmob.com/image_resources/playerimages/1520063.png,2,1,105,1,1,0,0,8.4,0.76,0.11,0,0.0,0,8,0,4,2,28,24,2,56,2,0,0,1,0,1,0,0,2,7.25,86,0.24,0.89,0.87,,0.0732
368512,Keane Lewis-Potter,Brentford,DL,https://images.fotmob.com/image_resources/playerimages/1010426.png,5,5,416,1,1,0,0,8.1,1.02,0.58,0,0.0,0,48,1,9,2,162,127,7,271,6,4,4,3,9,11,4,0,2,6.9,78,-0.02,0.42,1.6,,0.165
357073,Antoine Semenyo,Manchester City,AML,https://images.fotmob.com/image_resources/playerimages/933576.png,4,4,380,0,2,0,0,7.6,0.16,0.85,0,0.0,0,41,3,5,2,141,123,7,219,7,0,2,4,7,0,7,0,2,6.88,87,-0.16,1.15,1.01,,0.1393
386519,Riccardo Calafiori,Arsenal,DL,https://images.fotmob.com/image_resources/playerimages/1105912.png,5,5,439,0,2,0,0,7.4,0.65,0.78,0,0.0,0,28,0,7,1,135,111,4,211,8,1,9,0,3,10,1,0,2,6.68,82,-0.65,1.22,1.43,,0.0261
417747,Julio Enciso,Ipswich Town,AMC,https://images.fotmob.com/image_resources/playerimages/1073742.png,5,5,431,0,2,1,0,7.5,1.22,0.75,0,0.0,0,24,5,17,4,122,103,6,218,3,3,1,8,2,2,12,0,2,6.6,84,-1.22,1.25,1.97,,0.102
467715,Jorrel Hato,Chelsea,DML,https://images.fotmob.com/image_resources/playerimages/1413846.png,4,4,263,0,2,0,0,7.2,0.02,0.32,0,0.0,0,17,1,1,0,68,53,4,125,9,2,4,2,1,6,1,0,2,6.57,78,-0.02,1.68,0.34,,0.0759
331254,Phil Foden,Manchester City,AMR,https://images.fotmob.com/image_resources/playerimages/815006.png,4,3,301,0,2,1,1,8.2,1.48,0.79,0,0.0,0,34,1,6,1,128,112,7,191,5,0,1,3,4,2,6,0,2,6.55,88,-1.48,1.21,2.27,,0.0971
131464,James Tarkowski,Everton,DC,https://images.fotmob.com/image_resources/playerimages/243138.png,5,5,478,1,0,0,0,8.3,0.1,0.01,0,0.0,0,17,0,4,1,231,193,2,305,11,14,20,0,1,23,0,0,1,7.64,84,0.9,-0.01,0.11,,0.0228
430294,Lewis Hall,Newcastle United,DL,https://images.fotmob.com/image_resources/playerimages/1197655.png,5,5,472,1,0,0,0,9.2,0.2,0.81,0,0.0,0,58,1,5,2,226,200,5,400,18,5,5,7,4,20,7,0,1,7.44,88,0.8,-0.81,1.01,,0.1491
374631,Marc Guehi,Manchester City,DMC,https://images.fotmob.com/image_resources/playerimages/844425.png,4,4,380,1,0,0,0,8.0,0.49,0.32,0,0.0,0,41,1,2,1,348,328,2,397,4,3,11,3,2,18,1,0,1,7.4,94,0.51,-0.32,0.81,,0.08
401073,Anton Stach,Leeds United,MC,https://images.fotmob.com/image_resources/playerimages/881735.png,4,4,367,1,0,0,0,8.3,0.85,0.18,0,0.0,0,13,0,6,2,114,78,5,212,15,8,7,2,7,12,2,0,1,7.38,68,0.15,-0.18,1.03,,0.0371
539663,Chema Andres,Brighton & Hove Albion,Sub,https://images.fotmob.com/image_resources/playerimages/1586552.png,2,1,116,1,0,0,0,8.0,0.44,0.07,0,0.0,0,7,0,3,1,51,41,1,65,2,2,6,0,4,2,0,0,1,7.35,80,0.56,-0.07,0.51,,0.0628
444136,Anan Khalaili,Crystal Palace,Sub,https://images.fotmob.com/image_resources/playerimages/1477878.png,4,3,306,1,0,1,0,7.6,0.83,0.28,0,0.0,0,31,1,7,1,110,89,3,222,25,5,5,5,3,12,0,0,1,7.28,81,0.17,-0.28,1.11,,0.0945
402664,Josko Gvardiol,Manchester City,DL,https://images.fotmob.com/image_resources/playerimages/1070712.png,4,4,359,1,0,1,0,7.5,0.47,0.04,0,0.0,0,40,1,3,1,209,176,2,284,13,5,9,5,3,7,0,0,1,7.28,84,0.53,-0.04,0.51,,0.0265
255169,Ainsley Maitland-Niles,Everton,Sub,https://images.fotmob.com/image_resources/playerimages/604089.png,3,2,184,1,0,0,0,7.8,0.05,0.19,0,0.0,0,17,1,2,1,67,59,3,106,7,1,1,3,0,6,1,0,1,7.27,88,0.95,-0.19,0.24,,0.0952
469508,Nobel Mendy,Hull City,DC,https://images.fotmob.com/image_resources/playerimages/1428427.png,4,4,249,1,0,0,0,8.1,0.41,0.0,0,0.0,0,8,0,4,3,93,77,0,151,8,3,4,0,3,25,1,0,1,7.22,83,0.59,0.0,0.41,,0.0585
533010,Luka Vuskovic,Brighton & Hove Albion,DC,https://images.fotmob.com/image_resources/playerimages/1413996.png,5,5,457,1,0,0,0,7.7,0.59,0.02,0,0.0,0,25,0,8,1,358,325,0,438,8,3,16,1,7,31,2,0,1,7.22,91,0.41,-0.02,0.61,,0.0436
86441,Lewis Dunk,Brighton & Hove Albion,DC,https://images.fotmob.com/image_resources/playerimages/201690.png,4,4,380,1,0,1,0,8.4,0.03,0.02,0,0.0,0,41,0,1,1,390,360,0,432,5,1,13,1,4,16,0,0,1,7.18,92,0.97,-0.02,0.05,,0.0907
369875,Dominik Szoboszlai,Liverpool,DMC,https://images.fotmob.com/image_resources/playerimages/846005.png,4,4,383,1,0,0,0,7.3,1.17,0.6,0,0.0,0,48,1,11,5,254,220,11,361,6,4,2,2,8,4,4,0,1,7.17,87,-0.17,-0.6,1.77,,0.1573
365402,Jan Paul van Hecke,Tottenham Hotspur,DC,https://images.fotmob.com/image_resources/playerimages/974618.png,5,5,474,1,0,1,0,7.7,0.63,0.32,0,0.0,0,61,0,5,2,390,366,5,465,13,3,12,0,7,24,0,0,1,7.12,94,0.37,-0.32,0.95,,0.1042
391256,Kiernan Dewsbury-Hall,Everton,AMC,https://images.fotmob.com/image_resources/playerimages/886016.png,5,5,466,1,0,1,0,8.0,1.26,0.71,0,0.0,0,39,2,18,5,191,167,11,303,14,1,1,6,1,3,9,0,1,7.08,87,-0.26,-0.71,1.97,,0.1301
410998,Alex Scott,AFC Bournemouth,DMC,https://images.fotmob.com/image_resources/playerimages/1233655.png,4,4,371,1,0,1,0,8.2,0.55,0.31,0,0.0,0,22,2,5,1,197,162,8,284,15,8,3,3,3,7,5,0,1,7.08,82,0.45,-0.31,0.86,,0.0369
376090,Noah Okafor,Leeds United,Sub,https://images.fotmob.com/image_resources/playerimages/915797.png,4,3,228,1,0,0,0,8.3,0.13,0.23,0,0.0,0,11,4,4,1,46,31,2,98,7,1,3,6,2,2,0,0,1,7.02,67,0.87,-0.23,0.36,,0.1052
354291,Jayden Bogle,Leeds United,DMR,https://images.fotmob.com/image_resources/playerimages/789646.png,4,4,302,1,0,1,0,7.2,0.98,0.05,0,0.0,0,13,1,3,3,81,57,2,151,9,2,4,3,5,7,2,0,1,7.0,70,0.02,-0.05,1.03,,0.0506
470690,Yasin Ayari,Brighton & Hove Albion,DMC,https://images.fotmob.com/image_resources/playerimages/1168311.png,4,4,349,1,0,1,0,8.0,0.52,0.12,0,0.0,0,13,0,10,3,167,152,3,212,4,2,1,3,2,2,2,0,1,7.0,91,0.48,-0.12,0.64,,0.0156
331579,Justin Kluivert,AFC Bournemouth,AMC,https://images.fotmob.com/image_resources/playerimages/794253.png,4,4,294,1,0,1,0,7.5,1.15,0.06,0,0.0,0,11,2,10,6,64,50,3,112,6,2,1,4,5,0,4,0,1,7.0,78,-0.15,-0.06,1.21,,0.0265
247815,Semi Ajayi,Hull City,DC,https://images.fotmob.com/image_resources/playerimages/410836.png,5,5,443,1,0,1,0,8.2,0.93,0.0,0,0.0,0,13,0,3,1,137,115,0,190,8,5,8,3,1,16,2,0,1,6.9,84,0.07,0.0,0.93,,0.0264
401385,Fabio Carvalho,Brentford,Sub,,1,0,10,1,0,0,0,6.9,0.2,0.0,0,0.0,0,0,0,1,1,2,2,0,5,0,0,0,0,0,0,0,0,1,6.9,100,0.8,0.0,0.2,,
337916,Pedro Neto,Chelsea,Sub,https://images.fotmob.com/image_resources/playerimages/843040.png,5,4,337,1,0,0,0,7.8,0.98,0.4,0,0.0,0,34,4,7,4,108,90,5,196,10,5,2,7,5,3,3,0,1,6.88,83,0.02,-0.4,1.38,,0.0796
523597,Tyrique George,Everton,AML,https://images.fotmob.com/image_resources/playerimages/1424875.png,5,4,324,1,0,0,0,8.0,0.35,0.25,0,0.0,0,29,5,10,2,104,91,7,175,3,3,2,9,1,2,6,0,1,6.86,88,0.65,-0.25,0.6,,0.0652
426050,Nicolas Jackson,Aston Villa,FW,https://images.fotmob.com/image_resources/playerimages/1197347.png,4,4,286,1,0,2,0,8.3,0.69,0.62,0,0.0,0,13,6,8,2,50,42,2,109,0,0,3,11,2,1,4,0,1,6.83,84,0.31,-0.62,1.31,,0.0474
470031,Michael Kayode,Brentford,DR,https://images.fotmob.com/image_resources/playerimages/1429912.png,5,4,300,1,0,0,0,8.0,0.71,0.44,0,0.0,0,23,1,6,1,69,54,2,159,9,6,7,3,4,6,1,0,1,6.82,78,0.29,-0.44,1.15,,0.1812
548106,Victor Munoz,Liverpool,Sub,https://images.fotmob.com/image_resources/playerimages/1553105.png,4,3,254,1,0,1,0,7.6,0.51,0.2,0,0.0,0,15,4,7,2,67,56,1,137,3,3,1,4,5,0,3,0,1,6.8,84,0.49,-0.2,0.71,,0.0487
498798,Gonzalo Garcia,Fulham,FW,https://images.fotmob.com/image_resources/playerimages/1413847.png,4,4,358,1,0,0,0,7.3,1.68,0.22,0,0.0,0,8,3,12,2,81,60,2,146,6,1,14,4,6,4,4,0,1,6.77,74,-0.68,-0.22,1.9,,-0.0029
443784,Igor Thiago,Brentford,FW,https://images.fotmob.com/image_resources/playerimages/1302005.png,5,5,462,1,0,2,0,7.3,2.37,0.13,0,0.0,0,18,1,13,4,107,82,2,177,5,0,15,3,7,2,5,0,1,6.74,77,-1.37,-0.13,2.5,,0.0091
401254,Liam Delap,Nottingham Forest,Sub,https://images.fotmob.com/image_resources/playerimages/1113903.png,4,3,289,1,0,2,0,7.4,0.85,0.38,0,0.0,0,10,5,12,1,44,30,6,111,3,0,6,7,5,5,7,0,1,6.73,68,0.15,-0.38,1.23,,0.0386
333048,Jrgen Strand Larsen,Crystal Palace,Sub,https://images.fotmob.com/image_resources/playerimages/821100.png,4,2,229,1,0,0,0,7.6,0.4,0.02,0,0.0,0,6,0,5,3,37,26,1,75,2,0,7,2,4,2,6,0,1,6.72,70,0.6,-0.02,0.42,,0.0203
398393,Enzo Le Fee,Sunderland,AMC,https://images.fotmob.com/image_resources/playerimages/1049999.png,4,4,362,1,0,0,0,7.6,2.02,0.74,0,0.0,0,26,1,10,3,118,92,3,184,12,1,3,5,1,0,2,0,1,6.68,78,-1.02,-0.74,2.76,,0.1305
397497,Igor Jesus,Nottingham Forest,FW,https://images.fotmob.com/image_resources/playerimages/1082102.png,5,2,281,1,0,1,0,7.1,1.85,0.03,0,0.0,0,12,0,9,4,85,69,2,142,5,0,18,2,7,5,6,0,1,6.68,81,-0.85,-0.03,1.88,,0.035
425319,Romeo Lavia,Chelsea,MC,https://images.fotmob.com/image_resources/playerimages/1190867.png,4,4,258,1,0,1,0,7.3,0.91,0.09,0,0.0,0,13,0,2,2,113,100,2,154,7,6,1,1,2,4,1,0,1,6.68,88,0.09,-0.09,1.0,,0.0371
534901,Cesar Palacios,Fulham,AML,https://images.fotmob.com/image_resources/playerimages/1403691.png,3,3,207,1,0,1,0,7.3,0.89,0.01,0,0.0,0,6,1,8,2,91,79,1,134,2,1,2,5,5,2,1,0,1,6.67,87,0.11,-0.01,0.9,,0.0079
375621,Conor Gallagher,Tottenham Hotspur,AMC,https://images.fotmob.com/image_resources/playerimages/966027.png,3,2,143,1,0,1,0,7.3,0.32,0.14,0,0.0,0,6,0,2,1,62,55,0,91,8,1,1,0,2,0,1,0,1,6.63,89,0.68,-0.14,0.46,,0.0822
400610,Jaidon Anthony,Brentford,Sub,https://images.fotmob.com/image_resources/playerimages/1171140.png,5,3,278,1,0,1,0,7.2,1.06,0.43,0,0.0,0,22,2,5,1,60,43,7,131,5,0,4,4,5,6,4,0,1,6.62,72,-0.06,-0.43,1.49,,0.0925
260592,Emiliano Buendia,Aston Villa,FW,https://images.fotmob.com/image_resources/playerimages/610184.png,5,5,418,1,0,0,0,8.8,0.71,0.17,0,0.0,0,16,4,9,2,140,106,5,214,17,4,6,4,5,1,5,0,1,6.6,76,0.29,-0.17,0.88,,0.0526
318767,Jay Dasilva,Coventry City,DL,https://images.fotmob.com/image_resources/playerimages/759814.png,5,5,465,1,0,0,0,8.0,0.31,0.34,0,0.0,0,41,2,3,2,153,126,4,232,6,4,4,7,2,10,2,0,1,6.58,82,0.69,-0.34,0.65,,0.1049
391821,Liam Millar,Hull City,Sub,https://images.fotmob.com/image_resources/playerimages/932308.png,2,0,63,1,0,1,0,7.0,0.48,0.0,0,0.0,0,1,0,3,1,10,6,0,22,2,0,0,0,1,1,1,0,1,6.55,60,0.52,0.0,0.48,,0.0116
363516,Jack Clarke,Ipswich Town,Sub,https://images.fotmob.com/image_resources/playerimages/914402.png,4,2,181,1,0,1,0,7.2,0.26,0.2,0,0.0,0,17,0,4,2,75,60,4,101,4,2,2,1,2,1,5,0,1,6.55,80,0.74,-0.2,0.46,,0.1185
369813,Jacob Ramsey,Newcastle United,Sub,https://images.fotmob.com/image_resources/playerimages/1021929.png,3,0,91,1,0,1,0,7.1,0.12,0.13,0,0.0,0,6,0,2,1,40,35,0,52,2,1,2,0,3,1,0,0,1,6.53,88,0.88,-0.13,0.25,,0.0435
296240,Yoane Wissa,Newcastle United,AMC,https://images.fotmob.com/image_resources/playerimages/666857.png,5,5,461,1,0,2,0,7.5,2.23,0.02,0,0.0,0,10,2,9,3,87,60,4,165,7,0,10,4,10,5,8,0,1,6.5,69,-1.23,-0.02,2.25,,0.0191
299272,Ben Chilwell,Crystal Palace,Sub,https://images.fotmob.com/image_resources/playerimages/672469.png,2,0,40,1,0,0,0,6.9,0.3,0.01,0,0.0,0,2,0,2,1,10,8,0,19,0,0,0,1,0,1,0,0,1,6.5,80,0.7,-0.01,0.31,,-0.0176
443064,Nilson Angulo,Sunderland,AML,https://images.fotmob.com/image_resources/playerimages/1287010.png,4,4,254,1,0,1,0,7.0,0.09,0.07,0,0.0,0,25,1,2,1,75,63,1,142,7,1,2,5,3,0,5,0,1,6.47,84,0.91,-0.07,0.16,,0.0627
338780,Bruno Guimaraes,Arsenal,Sub,https://images.fotmob.com/image_resources/playerimages/850354.png,3,1,141,1,0,0,0,7.7,0.09,0.14,0,0.0,0,5,0,2,1,67,58,0,93,2,2,1,1,0,0,2,0,1,6.47,87,0.91,-0.14,0.23,,0.0283
399014,Mohamed-Ali Cho,Hull City,Sub,https://images.fotmob.com/image_resources/playerimages/1180718.png,4,0,96,1,0,0,0,7.5,0.5,0.3,0,0.0,0,5,0,4,3,15,9,3,29,0,0,1,1,1,1,0,0,1,6.47,60,0.5,-0.3,0.8,,0.2277
361694,Zian Flemming,Ipswich Town,Sub,https://images.fotmob.com/image_resources/playerimages/873559.png,3,0,81,1,0,1,0,7.1,0.72,0.01,0,0.0,0,3,0,5,3,14,7,1,28,1,0,3,1,4,1,1,0,1,6.43,50,0.28,-0.01,0.73,,-0.003
551965,Bazoumana Toure,Newcastle United,Sub,https://images.fotmob.com/image_resources/playerimages/1624586.png,3,0,63,1,0,0,0,7.3,0.08,0.01,0,0.0,0,4,1,1,1,15,11,0,36,2,0,2,2,1,1,2,0,1,6.4,73,0.92,-0.01,0.09,,0.0513
363535,Wilson Isidor,Sunderland,Sub,https://images.fotmob.com/image_resources/playerimages/887703.png,4,0,121,1,0,0,0,7.1,0.97,0.0,0,0.0,0,2,0,5,2,12,7,0,33,1,0,1,1,3,0,2,0,1,6.38,58,0.03,0.0,0.97,,0.0056
398414,Dan Ndoye,Nottingham Forest,AMC,https://images.fotmob.com/image_resources/playerimages/1022649.png,5,5,316,1,0,1,0,7.3,1.36,0.78,0,0.0,0,10,1,11,2,50,36,5,114,5,1,2,3,8,2,4,0,1,6.32,72,-0.36,-0.78,2.14,,0.0452
520919,Alysson,Aston Villa,Sub,,4,0,113,1,0,1,0,6.9,0.2,0.0,0,0.0,0,0,0,1,1,31,25,0,50,3,0,1,1,1,2,1,0,1,6.28,81,0.8,0.0,0.2,,
122294,Chuba Akpom,Ipswich Town,Sub,https://images.fotmob.com/image_resources/playerimages/413158.png,3,0,100,1,0,0,0,6.4,0.51,0.0,0,0.0,0,0,0,2,1,15,10,0,30,2,0,4,0,1,0,1,0,1,6.27,67,0.49,0.0,0.51,,
424191,Benjamin Sesko,Manchester United,Sub,https://images.fotmob.com/image_resources/playerimages/1073977.png,4,0,105,1,0,0,0,6.7,0.41,0.01,0,0.0,0,0,0,4,1,20,16,1,30,0,0,1,1,1,0,1,0,1,6.22,80,0.59,-0.01,0.42,,
439533,Tarik Muharemovic,Leeds United,DC,https://images.fotmob.com/image_resources/playerimages/1250485.png,4,4,374,0,1,0,0,7.9,0.07,0.02,0,0.0,0,16,0,1,1,184,154,1,259,6,8,10,3,1,33,1,0,1,7.5,84,-0.07,0.98,0.09,,0.0512
533784,Jannik Schuster,Brentford,Sub,https://images.fotmob.com/image_resources/playerimages/1572340.png,3,2,271,0,1,0,0,8.3,0.05,0.61,0,0.0,0,13,0,1,0,92,72,1,142,4,0,9,0,4,30,0,0,1,7.33,78,-0.05,0.39,0.66,,0.0827
446133,Diego Gomez,Brighton & Hove Albion,AMR,https://images.fotmob.com/image_resources/playerimages/1354561.png,5,5,442,0,1,0,0,8.0,0.77,0.9,0,0.0,0,40,0,14,4,151,118,7,243,15,4,17,1,6,3,9,0,1,7.26,78,-0.77,0.1,1.67,,0.1248
118244,Luke Shaw,Manchester United,DL,https://images.fotmob.com/image_resources/playerimages/362694.png,3,3,258,0,1,1,0,7.5,0.05,0.46,0,0.0,0,28,0,1,0,150,129,5,216,7,4,5,0,2,7,1,0,1,7.13,86,-0.05,0.54,0.51,,0.1119
442971,Mamadou Sangare,Brentford,DMC,https://images.fotmob.com/image_resources/playerimages/1185211.png,5,4,336,0,1,2,0,8.0,0.32,0.53,0,0.0,0,22,0,6,1,154,123,4,229,16,6,4,6,9,5,5,0,1,7.04,80,-0.32,0.47,0.85,,0.0563
322036,Ben White,Arsenal,DR,https://images.fotmob.com/image_resources/playerimages/776151.png,4,4,332,0,1,0,0,7.8,0.08,0.31,0,0.0,0,50,1,1,0,162,134,3,240,7,3,6,2,2,9,1,0,1,7.03,83,-0.08,0.69,0.39,,0.0942
366116,Iliman Ndiaye,Everton,AMR,https://images.fotmob.com/image_resources/playerimages/965764.png,4,3,327,0,1,0,0,8.0,0.23,0.39,0,0.0,0,28,5,5,3,117,105,5,211,9,3,2,7,3,6,11,0,1,7.03,90,-0.23,0.61,0.62,,0.0872
362433,Georginio Rutter,Brighton & Hove Albion,FW,https://images.fotmob.com/image_resources/playerimages/956925.png,2,1,116,0,1,0,0,7.7,0.33,0.63,0,0.0,0,3,2,3,0,16,9,1,43,3,0,1,3,0,1,5,0,1,6.95,56,-0.33,0.37,0.96,,0.1683
138695,Oliver McBurnie,Hull City,FW,https://images.fotmob.com/image_resources/playerimages/509151.png,5,5,461,0,1,2,0,7.2,1.37,0.14,0,0.0,0,10,1,10,3,91,54,6,170,6,1,25,4,7,8,3,0,1,6.9,59,-1.37,0.86,1.51,,0.0192
416209,William Osula,Newcastle United,FW,https://images.fotmob.com/image_resources/playerimages/1258092.png,1,1,55,0,1,0,0,6.9,0.07,0.15,0,0.0,0,2,0,2,0,5,4,1,20,2,0,0,0,0,0,1,0,1,6.9,80,-0.07,0.85,0.22,,-0.0116
349981,Regan Slater,Hull City,MC,https://images.fotmob.com/image_resources/playerimages/807930.png,5,5,457,0,1,1,0,7.3,0.16,0.43,0,0.0,0,13,0,4,2,131,105,6,188,12,4,6,3,4,5,3,0,1,6.84,80,-0.16,0.57,0.59,,0.0784
362831,Ryan Giles,Hull City,DL,https://images.fotmob.com/image_resources/playerimages/933635.png,5,5,464,0,1,1,0,7.2,0.03,0.72,0,0.0,0,40,1,1,0,95,74,8,210,7,4,5,2,1,15,1,0,1,6.8,78,-0.03,0.28,0.75,,0.1183
394786,Florian Wirtz,Liverpool,AMC,https://images.fotmob.com/image_resources/playerimages/1152455.png,4,4,341,0,1,1,0,7.1,0.57,0.23,0,0.0,0,37,1,10,3,188,155,6,257,6,0,4,5,6,2,4,0,1,6.8,82,-0.57,0.77,0.8,,0.0716
401130,Maxence Lacroix,Chelsea,DC,https://images.fotmob.com/image_resources/playerimages/950485.png,5,4,390,0,1,1,0,8.1,0.23,0.19,0,0.0,0,16,0,2,0,186,167,1,253,11,6,12,0,3,26,2,0,1,6.78,90,-0.23,0.81,0.42,,0.0767
141169,Timothy Castagne,Fulham,DR,https://images.fotmob.com/image_resources/playerimages/465750.png,4,4,326,0,1,1,0,7.4,0.58,0.22,0,0.0,0,27,1,4,2,165,132,4,247,7,4,3,1,7,8,0,0,1,6.72,80,-0.58,0.78,0.8,,0.1164
362758,Matheus Cunha,Manchester United,FW,https://images.fotmob.com/image_resources/playerimages/863098.png,4,4,322,0,1,0,0,7.9,0.46,0.42,0,0.0,0,20,1,10,2,105,91,5,164,4,0,0,2,2,0,6,0,1,6.7,87,-0.46,0.58,0.88,,0.0144
399296,Christos Tzolis,Arsenal,AML,https://images.fotmob.com/image_resources/playerimages/1157237.png,5,5,366,0,1,2,0,7.7,0.27,0.61,0,0.0,0,46,0,4,2,134,113,8,206,7,2,5,1,2,5,3,0,1,6.68,84,-0.27,0.39,0.88,,0.0067
400166,Mohammed Kudus,Tottenham Hotspur,Sub,https://images.fotmob.com/image_resources/playerimages/891743.png,4,0,146,0,1,0,0,7.6,0.11,0.29,0,0.0,0,14,4,3,0,64,56,3,114,5,0,0,10,2,0,2,0,1,6.68,88,-0.11,0.71,0.4,,0.0458
418203,Amar Dedic,Newcastle United,DR,https://images.fotmob.com/image_resources/playerimages/958010.png,4,4,346,0,1,0,0,8.1,0.12,0.04,0,0.0,0,17,2,3,0,116,98,2,207,8,1,4,4,6,13,1,0,1,6.67,84,-0.12,0.96,0.16,,0.0504
535879,Harrison Armstrong,Everton,DMC,https://images.fotmob.com/image_resources/playerimages/1559637.png,5,5,470,0,1,2,0,7.3,0.21,0.34,0,0.0,0,14,1,4,0,155,138,4,218,10,4,2,2,9,6,4,0,1,6.66,89,-0.21,0.66,0.55,,0.0209
430985,Abdul Fatawu,Ipswich Town,AMR,https://images.fotmob.com/image_resources/playerimages/1265626.png,5,5,384,0,1,4,1,7.2,0.08,1.01,0,0.0,0,28,5,4,1,74,52,8,194,13,5,3,12,10,3,10,0,1,6.62,70,-0.08,-0.01,1.09,,0.2009
115726,Andy Robertson,Tottenham Hotspur,DL,https://images.fotmob.com/image_resources/playerimages/357880.png,5,4,387,0,1,0,0,7.2,0.07,0.25,0,0.0,0,53,0,2,1,243,203,8,322,6,3,2,1,1,9,0,0,1,6.56,84,-0.07,0.75,0.32,,0.0905
444304,Yehor Yarmoliuk,Brentford,Sub,https://images.fotmob.com/image_resources/playerimages/1157236.png,5,2,231,0,1,1,0,7.0,0.1,0.2,0,0.0,0,23,0,3,1,115,88,3,157,8,2,1,1,3,4,4,0,1,6.48,77,-0.1,0.8,0.3,,0.1798
297395,Sasa Lukic,Ipswich Town,DMC,https://images.fotmob.com/image_resources/playerimages/556972.png,5,5,409,0,1,2,0,6.8,0.05,0.38,0,0.0,0,34,0,1,0,248,221,6,296,12,6,2,1,11,9,1,0,1,6.44,89,-0.05,0.62,0.43,,0.0539
422818,Habib Diarra,Sunderland,Sub,https://images.fotmob.com/image_resources/playerimages/1285866.png,2,0,45,0,1,0,0,6.8,0.03,0.19,0,0.0,0,2,0,1,0,9,9,1,12,0,0,1,0,1,0,0,0,1,6.35,100,-0.03,0.81,0.22,,0.2606
318449,John McGinn,Aston Villa,AMR,https://images.fotmob.com/image_resources/playerimages/356406.png,5,5,452,0,1,2,0,6.9,0.54,0.25,0,0.0,0,32,2,4,0,118,87,6,213,7,5,1,2,6,3,13,0,1,6.18,74,-0.54,0.75,0.79,,0.0816
339674,Mathias Jensen,Brentford,AMC,https://images.fotmob.com/image_resources/playerimages/650616.png,1,1,66,0,0,0,0,7.4,0.07,0.22,0,0.0,0,9,0,2,1,27,26,3,41,3,0,0,0,3,0,1,0,0,7.4,96,-0.07,-0.22,0.29,,0.2858
397331,Konstantinos Tzolakis,Hull City,GK,https://images.fotmob.com/image_resources/playerimages/1072068.png,5,5,476,0,0,1,0,8.2,0.0,0.0,42,3.6,4,39,0,0,0,180,75,0,256,1,0,5,0,0,2,0,17,0,7.3,42,0.0,0.0,0.0,-0.4,0.1451
534073,Stephen Mfuni,Coventry City,DC,,1,1,96,0,0,0,0,7.3,0.0,0.0,0,0.0,0,2,0,0,0,32,26,0,45,2,1,4,1,1,5,1,0,0,7.3,81,0.0,0.0,0.0,,0.0345
397821,Savio,Tottenham Hotspur,AMR,https://images.fotmob.com/image_resources/playerimages/1174337.png,3,3,251,0,0,0,0,7.8,0.34,0.61,0,0.0,0,41,8,6,3,94,79,9,190,2,2,0,13,4,0,4,0,0,7.27,84,-0.34,-0.61,0.95,,0.1056
381045,Jarrad Branthwaite,Everton,DC,https://images.fotmob.com/image_resources/playerimages/1030829.png,5,5,478,0,0,0,0,7.4,0.27,0.01,0,0.0,0,13,0,3,3,228,193,0,304,6,7,13,0,3,31,1,0,0,7.26,85,-0.27,-0.01,0.28,,0.0318
468827,Jeremy Jacquet,Liverpool,DC,https://images.fotmob.com/image_resources/playerimages/1473534.png,4,4,334,0,0,1,0,7.9,0.0,0.07,0,0.0,0,41,0,0,0,292,265,3,342,9,6,10,3,4,11,1,0,0,7.22,91,0.0,-0.07,0.07,,0.0724
445059,Mats Wieffer,Brighton & Hove Albion,DR,https://images.fotmob.com/image_resources/playerimages/970243.png,2,2,156,0,0,0,0,7.9,0.1,0.14,0,0.0,0,30,0,2,0,109,99,2,157,6,6,4,1,1,2,3,0,0,7.2,91,-0.1,-0.14,0.24,,0.0646
402596,Elliot Anderson,Manchester City,DMC,https://images.fotmob.com/image_resources/playerimages/1089691.png,4,4,333,0,0,1,0,7.8,0.09,0.52,0,0.0,0,58,0,3,1,371,337,3,452,15,8,2,3,5,6,3,0,0,7.2,91,-0.09,-0.52,0.61,,0.1305
299077,Nordi Mukiele,Sunderland,DC,https://images.fotmob.com/image_resources/playerimages/602304.png,3,3,288,0,0,1,0,7.9,1.0,0.02,0,0.0,0,20,1,4,1,97,70,0,176,12,2,8,2,4,25,2,0,0,7.2,72,-1.0,-0.02,1.02,,0.1041
404852,James Trafford,Leeds United,GK,https://images.fotmob.com/image_resources/playerimages/1187213.png,4,4,374,0,0,0,0,7.3,0.0,0.0,37,3.14,3,27,0,0,0,158,99,0,207,0,0,1,0,0,6,0,15,0,7.18,63,0.0,0.0,0.0,0.14,0.1255
301441,James Justin,Leeds United,DML,https://images.fotmob.com/image_resources/playerimages/710158.png,4,4,374,0,0,0,0,7.7,0.12,0.3,0,0.0,0,20,0,3,2,110,79,3,198,17,4,11,0,3,16,2,0,0,7.15,72,-0.12,-0.3,0.42,,0.0708
398301,Adrien Truffert,AFC Bournemouth,DL,https://images.fotmob.com/image_resources/playerimages/1177358.png,4,4,380,0,0,1,0,8.0,0.11,0.26,0,0.0,0,54,0,3,2,147,130,4,259,21,7,3,3,8,14,3,0,0,7.15,88,-0.11,-0.26,0.37,,0.1253
260809,Olivier Boscagli,Brighton & Hove Albion,DL,https://images.fotmob.com/image_resources/playerimages/613715.png,5,5,455,0,0,1,0,7.4,0.07,0.37,0,0.0,0,66,0,3,1,290,246,7,386,9,7,9,0,9,17,0,0,0,7.14,85,-0.07,-0.37,0.44,,0.0936
395615,Bobby Thomas,Coventry City,DC,https://images.fotmob.com/image_resources/playerimages/1161885.png,5,5,458,0,0,0,0,8.3,0.27,0.25,0,0.0,0,18,1,10,0,178,142,3,258,6,7,15,1,5,36,0,0,0,7.12,80,-0.27,-0.25,0.52,,0.0328
460260,Kobbie Mainoo,Manchester United,Sub,https://images.fotmob.com/image_resources/playerimages/1292810.png,4,3,287,0,0,0,0,7.6,0.29,0.37,0,0.0,0,39,4,5,0,228,214,5,282,7,5,1,9,3,3,2,0,0,7.1,94,-0.29,-0.37,0.66,,0.0374
445424,Murillo,Nottingham Forest,DC,https://images.fotmob.com/image_resources/playerimages/1458711.png,5,5,468,0,0,1,0,7.4,0.29,0.36,0,0.0,0,41,1,5,0,239,208,5,333,12,7,9,4,9,35,2,0,0,7.1,87,-0.29,-0.36,0.65,,0.0905
95408,Virgil van Dijk,Liverpool,DC,https://images.fotmob.com/image_resources/playerimages/209405.png,4,4,383,0,0,1,0,7.4,0.09,0.01,0,0.0,0,48,0,2,1,343,307,1,387,5,6,10,0,1,23,0,0,0,7.1,90,-0.09,-0.01,0.1,,0.0934
345516,Vitalii Mykolenko,Everton,DL,https://images.fotmob.com/image_resources/playerimages/874025.png,5,5,478,0,0,1,0,7.7,0.04,0.16,0,0.0,0,38,0,1,0,216,177,2,344,20,7,11,2,3,13,1,0,0,7.08,82,-0.04,-0.16,0.2,,0.0924
321085,Kristoffer Ajer,Brentford,DC,https://images.fotmob.com/image_resources/playerimages/552718.png,5,5,474,0,0,1,0,7.9,0.08,0.06,0,0.0,0,26,0,2,1,206,168,3,273,7,7,20,0,4,37,2,0,0,7.08,82,-0.08,-0.06,0.14,,0.0655
262515,Gianluigi Donnarumma,Manchester City,GK,https://images.fotmob.com/image_resources/playerimages/618878.png,4,4,380,0,0,0,0,7.7,0.0,0.0,19,3.57,1,17,0,0,0,113,82,0,147,0,0,2,0,0,2,0,10,0,7.08,73,0.0,0.0,0.0,2.57,0.0539
313171,Ruben Dias,Manchester City,DC,https://images.fotmob.com/image_resources/playerimages/614006.png,4,4,380,0,0,0,0,7.3,0.06,0.43,0,0.0,0,26,1,1,1,410,379,3,444,2,3,12,2,1,17,0,0,0,7.08,92,-0.06,-0.43,0.49,,0.1071
89401,Granit Xhaka,Sunderland,DMC,https://images.fotmob.com/image_resources/playerimages/207236.png,4,4,382,0,0,2,0,7.7,0.04,0.64,0,0.0,0,41,0,1,0,246,212,10,315,8,5,5,3,4,2,4,0,0,7.07,86,-0.04,-0.64,0.68,,0.218
423347,Ao Tanaka,Leeds United,Sub,https://images.fotmob.com/image_resources/playerimages/935728.png,3,2,191,0,0,0,0,7.3,0.45,0.02,0,0.0,0,11,0,3,0,93,82,1,128,8,1,2,3,1,7,0,0,0,7.07,88,-0.45,-0.02,0.47,,0.0387
394933,Matheus Nunes,Manchester City,Sub,https://images.fotmob.com/image_resources/playerimages/955529.png,2,1,134,0,0,0,0,7.8,0.0,0.05,0,0.0,0,17,0,0,0,61,55,0,92,2,2,1,2,0,6,0,0,0,7.05,90,0.0,-0.05,0.05,,0.0954
322176,Caoimhin Kelleher,Brentford,GK,https://images.fotmob.com/image_resources/playerimages/776689.png,5,5,474,0,0,0,0,7.5,0.0,0.01,43,5.12,4,29,0,0,0,169,115,0,218,0,0,2,0,0,7,0,17,0,7.04,68,0.0,-0.01,0.01,1.12,0.1044
334087,Gabriel Magalhaes,Arsenal,DC,,5,5,481,0,0,2,0,7.9,0.65,0.08,0,0.0,0,28,0,5,2,277,248,1,355,7,6,10,1,5,25,4,0,0,7.02,90,-0.65,-0.08,0.73,,0.0522
332325,Declan Rice,Arsenal,DMC,https://images.fotmob.com/image_resources/playerimages/654096.png,5,5,421,0,0,1,0,7.6,0.11,0.38,0,0.0,0,59,0,4,0,348,317,7,407,9,5,4,2,4,10,1,0,0,7.02,91,-0.11,-0.38,0.49,,0.1179
108632,John Egan,Hull City,DC,https://images.fotmob.com/image_resources/playerimages/295062.png,5,5,457,0,0,1,0,7.7,0.05,0.0,0,0.0,0,6,0,3,1,128,100,0,202,10,6,9,0,3,39,1,0,0,7.0,78,-0.05,0.0,0.05,,0.0158
302312,Joe Rodon,Leeds United,DC,https://images.fotmob.com/image_resources/playerimages/717174.png,2,2,126,0,0,0,0,7.5,0.03,0.11,0,0.0,0,6,0,1,0,34,25,1,59,2,1,4,0,3,8,0,0,0,7.0,74,-0.03,-0.11,0.14,,0.0768
328330,Marcos Senesi,Tottenham Hotspur,DC,https://images.fotmob.com/image_resources/playerimages/785411.png,1,1,94,0,0,0,0,7.0,0.0,0.0,0,0.0,0,10,0,0,0,83,75,0,105,6,1,4,0,2,8,0,0,0,7.0,90,0.0,0.0,0.0,,0.0662
386606,Nick Woltemade,Newcastle United,Sub,https://images.fotmob.com/image_resources/playerimages/1106563.png,1,0,24,0,0,0,0,7.0,0.02,0.01,0,0.0,0,2,1,1,0,5,4,1,11,0,0,2,1,0,0,1,0,0,7.0,80,-0.02,-0.01,0.03,,-0.1323
423282,David Affengruber,Fulham,DC,https://images.fotmob.com/image_resources/playerimages/1073980.png,1,1,94,0,0,0,0,7.0,0.0,0.0,0,0.0,0,2,0,0,0,45,34,0,59,2,2,0,0,1,9,0,0,0,7.0,76,0.0,0.0,0.0,,0.0151
386969,Neco Williams,Nottingham Forest,DML,https://images.fotmob.com/image_resources/playerimages/1078788.png,5,5,475,0,0,0,0,7.8,0.41,0.44,0,0.0,0,65,0,6,1,160,123,8,298,19,0,6,1,6,12,3,0,0,6.98,77,-0.41,-0.44,0.85,,0.0969
493206,Abdukodir Khusanov,Manchester City,DC,https://images.fotmob.com/image_resources/playerimages/1362998.png,3,3,278,0,0,1,0,7.3,0.0,0.01,0,0.0,0,35,1,0,0,257,244,0,301,9,4,5,1,2,4,0,0,0,6.97,95,0.0,-0.01,0.01,,0.0526
276366,David Raya,Arsenal,GK,https://images.fotmob.com/image_resources/playerimages/562727.png,5,5,481,0,0,0,0,8.2,0.0,0.02,26,4.81,4,33,0,0,0,164,111,0,225,1,0,4,0,0,6,0,9,0,6.96,68,0.0,-0.02,0.02,0.81,0.108
322418,Ethan Ampadu,Leeds United,MC,https://images.fotmob.com/image_resources/playerimages/780432.png,4,4,374,0,0,0,0,7.2,0.06,0.14,0,0.0,0,23,0,2,0,163,135,3,237,14,9,4,1,4,7,1,0,0,6.95,83,-0.06,-0.14,0.2,,0.077
330549,Gabriel Gudmundsson,Leeds United,DML,https://images.fotmob.com/image_resources/playerimages/744494.png,2,2,166,0,0,0,0,7.2,0.0,0.11,0,0.0,0,9,1,0,0,56,40,0,104,6,1,2,2,2,2,2,0,0,6.95,71,0.0,-0.11,0.11,,0.0572
110189,Jordan Pickford,Everton,GK,https://images.fotmob.com/image_resources/playerimages/303919.png,5,5,478,0,0,0,0,7.7,0.0,0.08,46,5.47,3,25,0,0,0,202,127,0,258,0,0,1,1,0,7,0,15,0,6.94,63,0.0,-0.08,0.08,2.47,0.0789
424514,Trai Hume,Sunderland,AMR,https://images.fotmob.com/image_resources/playerimages/1067763.png,3,2,206,0,0,0,0,7.1,0.04,0.26,0,0.0,0,6,0,2,0,55,40,4,89,10,1,7,0,4,1,2,0,0,6.93,73,-0.04,-0.26,0.3,,0.0445
319785,Nikola Milenkovic,Nottingham Forest,DC,https://images.fotmob.com/image_resources/playerimages/766611.png,3,3,283,0,0,1,0,7.2,0.08,0.03,0,0.0,0,6,0,2,0,101,82,0,144,8,3,10,0,5,20,2,0,0,6.93,81,-0.08,-0.03,0.11,,0.0277
372724,Nathan Collins,Brentford,DC,https://images.fotmob.com/image_resources/playerimages/961306.png,3,3,203,0,0,1,0,7.6,0.45,0.07,0,0.0,0,11,0,5,1,119,98,2,152,4,2,6,0,2,13,0,0,0,6.93,82,-0.45,-0.07,0.52,,0.0553
447570,Zion Suzuki,Aston Villa,GK,https://images.fotmob.com/image_resources/playerimages/1053679.png,4,4,386,0,0,0,0,7.5,0.0,0.03,28,5.74,5,21,0,0,0,149,101,0,205,0,0,2,0,0,8,0,15,0,6.93,68,0.0,-0.03,0.03,0.74,0.1121
371761,Dan Ballard,Sunderland,DC,https://images.fotmob.com/image_resources/playerimages/974268.png,4,4,382,0,0,2,0,7.3,0.09,0.17,0,0.0,0,14,0,3,0,173,146,2,236,9,2,20,1,6,25,1,0,0,6.88,84,-0.09,-0.17,0.26,,0.0453
373946,Wesley Fofana,Chelsea,DC,https://images.fotmob.com/image_resources/playerimages/917802.png,4,4,316,0,0,1,0,7.1,0.0,0.03,0,0.0,0,29,1,0,0,170,156,2,243,8,10,9,1,4,27,2,0,0,6.88,92,0.0,-0.03,0.03,,0.0733
425576,James McAtee,Nottingham Forest,MC,https://images.fotmob.com/image_resources/playerimages/1107648.png,5,5,422,0,0,2,0,7.5,0.34,0.79,0,0.0,0,41,0,9,3,203,164,12,293,15,1,6,2,7,8,4,0,0,6.86,81,-0.34,-0.79,1.13,,0.1212
425591,Cristhian Mosquera,Arsenal,DC,https://images.fotmob.com/image_resources/playerimages/1298907.png,2,2,172,0,0,0,0,7.1,0.0,0.0,0,0.0,0,1,0,0,0,120,115,0,135,1,2,1,1,1,8,1,0,0,6.85,96,0.0,0.0,0.0,,0.0034
411078,Quinten Timber,Crystal Palace,MC,https://images.fotmob.com/image_resources/playerimages/970563.png,2,2,168,0,0,0,0,7.5,0.14,0.01,0,0.0,0,8,1,3,1,64,47,0,98,9,1,0,3,2,2,1,0,0,6.85,73,-0.14,-0.01,0.15,,0.0371
360941,Jaka Bijol,Leeds United,DC,https://images.fotmob.com/image_resources/playerimages/861805.png,3,2,172,0,0,0,0,8.1,0.09,0.0,0,0.0,0,4,0,2,0,79,60,0,107,3,3,8,0,1,15,0,0,0,6.83,76,-0.09,0.0,0.09,,0.0386
362826,Dara O'Shea,Ipswich Town,DR,https://images.fotmob.com/image_resources/playerimages/789578.png,5,5,480,0,0,0,0,7.8,0.02,0.15,0,0.0,0,37,0,1,0,202,149,5,321,11,6,16,2,3,31,1,0,0,6.8,74,-0.02,-0.15,0.17,,0.1142
443613,Antonio Silva,AFC Bournemouth,DC,https://images.fotmob.com/image_resources/playerimages/1292092.png,4,4,380,0,0,1,0,7.1,0.81,0.16,0,0.0,0,26,0,4,1,196,173,0,255,6,6,17,0,2,29,0,0,0,6.8,88,-0.81,-0.16,0.97,,0.0877
384711,Ronald Araujo,Liverpool,Sub,https://images.fotmob.com/image_resources/playerimages/921253.png,4,2,215,0,0,1,0,7.7,0.0,0.02,0,0.0,0,20,0,0,0,123,106,0,173,4,1,12,2,2,12,2,0,0,6.8,86,0.0,-0.02,0.02,,0.052
369430,Enzo Fernandez,Chelsea,Sub,https://images.fotmob.com/image_resources/playerimages/1137705.png,3,2,186,0,0,1,0,7.5,0.27,0.25,0,0.0,0,22,0,4,1,133,118,3,174,7,3,3,2,4,2,2,0,0,6.8,89,-0.27,-0.25,0.52,,0.196
102248,Emiliano Martinez,Chelsea,GK,https://images.fotmob.com/image_resources/playerimages/268375.png,4,4,381,0,0,0,0,7.4,0.0,0.03,41,10.48,9,27,0,0,0,122,71,3,170,0,0,1,0,0,1,0,18,0,6.8,58,0.0,-0.03,0.03,1.48,0.1265
300299,Marcus Rashford,Manchester United,Sub,https://images.fotmob.com/image_resources/playerimages/696365.png,4,3,281,0,0,0,0,7.4,0.45,0.33,0,0.0,0,31,5,7,2,108,83,9,176,7,1,1,7,2,1,0,0,0,6.78,77,-0.45,-0.33,0.78,,0.1241
400138,Bart Verbruggen,Brighton & Hove Albion,GK,https://images.fotmob.com/image_resources/playerimages/1131987.png,5,5,476,0,0,0,0,9.0,0.0,0.26,33,8.02,5,18,0,0,0,195,153,0,224,0,0,2,0,0,3,0,12,0,6.78,78,0.0,-0.26,0.26,3.02,0.0542
425229,Micky van de Ven,Tottenham Hotspur,DC,https://images.fotmob.com/image_resources/playerimages/1097466.png,4,4,380,0,0,1,0,7.3,0.68,0.01,0,0.0,0,23,0,3,0,304,290,0,350,6,3,10,0,3,19,2,0,0,6.78,95,-0.68,-0.01,0.69,,0.0382
315543,Ola Aina,Nottingham Forest,DMR,https://images.fotmob.com/image_resources/playerimages/682548.png,4,4,312,0,0,2,0,7.0,0.06,0.51,0,0.0,0,34,2,2,1,115,83,4,209,13,3,4,4,5,9,3,0,0,6.77,72,-0.06,-0.51,0.57,,0.2224
99487,Harry Maguire,Manchester United,DC,https://images.fotmob.com/image_resources/playerimages/255610.png,4,4,385,0,0,2,0,7.1,0.16,0.39,0,0.0,0,38,2,5,1,248,219,2,295,4,5,15,3,7,17,0,0,0,6.75,88,-0.16,-0.39,0.55,,0.1258
136345,Youri Tielemans,Manchester United,DMC,https://images.fotmob.com/image_resources/playerimages/465960.png,4,4,326,0,0,0,0,7.8,0.62,0.15,0,0.0,0,39,1,6,3,270,244,6,320,9,5,4,2,1,3,0,0,0,6.75,90,-0.62,-0.15,0.77,,0.0844
300359,Issa Diop,Ipswich Town,DC,https://images.fotmob.com/image_resources/playerimages/696443.png,5,5,480,0,0,0,0,7.1,0.06,0.09,0,0.0,0,26,0,1,0,267,242,2,326,6,11,7,2,5,22,1,0,0,6.74,91,-0.06,-0.09,0.15,,0.0531
415682,Lukas Hornicek,Newcastle United,GK,https://images.fotmob.com/image_resources/playerimages/1186978.png,5,5,479,0,0,1,0,8.0,0.0,0.01,69,8.55,7,18,0,0,0,160,96,0,219,0,0,0,1,0,11,0,19,0,6.74,60,0.0,-0.01,0.01,1.55,0.0507
262856,Xaver Schlager,Nottingham Forest,Sub,https://images.fotmob.com/image_resources/playerimages/620027.png,5,4,402,0,0,1,0,7.3,0.37,0.14,0,0.0,0,30,1,6,1,166,142,1,231,24,5,4,4,4,5,4,0,0,6.7,86,-0.37,-0.14,0.51,,0.0756
123167,Tyrone Mings,Aston Villa,Sub,https://images.fotmob.com/image_resources/playerimages/419664.png,4,2,285,0,0,1,0,7.0,0.16,0.0,0,0.0,0,20,1,4,0,160,144,0,193,4,2,7,2,2,16,0,0,0,6.7,90,-0.16,0.0,0.16,,0.0386
409279,Hidemasa Morita,Hull City,MC,https://images.fotmob.com/image_resources/playerimages/915102.png,1,1,45,0,0,0,0,6.7,0.0,0.0,0,0.0,0,1,0,0,0,15,12,1,21,1,0,1,2,0,1,0,0,0,6.7,80,0.0,0.0,0.0,,0.0073
231135,Joachim Andersen,Fulham,DC,https://images.fotmob.com/image_resources/playerimages/503659.png,2,2,188,0,0,1,0,6.7,0.0,0.11,0,0.0,0,19,0,0,0,200,178,3,225,2,2,7,0,3,11,1,0,0,6.7,89,0.0,-0.11,0.11,,0.1259
401168,Mikkel Damsgaard,Brentford,Sub,https://images.fotmob.com/image_resources/playerimages/888912.png,5,3,294,0,0,0,0,7.3,0.14,0.84,0,0.0,0,38,0,4,1,152,120,7,223,14,3,4,3,1,3,6,0,0,6.68,79,-0.14,-0.84,0.98,,0.1665
362837,James Hill,AFC Bournemouth,DC,https://images.fotmob.com/image_resources/playerimages/959407.png,4,4,380,0,0,1,0,7.2,0.0,1.01,0,0.0,0,34,0,0,0,222,168,6,278,6,5,15,0,5,25,0,0,0,6.68,76,0.0,-1.01,1.01,,0.1604
395401,Chris Richards,Crystal Palace,DC,https://images.fotmob.com/image_resources/playerimages/950829.png,4,4,381,0,0,1,0,7.1,0.07,0.03,0,0.0,0,18,0,2,2,187,164,0,258,7,7,4,2,2,25,0,0,0,6.67,88,-0.07,-0.03,0.1,,0.0388
344166,Daichi Kamada,Crystal Palace,MC,https://images.fotmob.com/image_resources/playerimages/621515.png,4,4,363,0,0,1,0,6.8,0.04,0.19,0,0.0,0,22,0,1,0,153,134,6,202,16,1,2,2,1,3,3,0,0,6.67,88,-0.04,-0.19,0.23,,0.085
243534,Nico Elvedi,Leeds United,Sub,https://images.fotmob.com/image_resources/playerimages/517346.png,3,2,248,0,0,0,0,7.0,0.03,0.37,0,0.0,0,11,0,1,0,121,107,2,163,4,2,4,0,1,18,3,0,0,6.67,88,-0.03,-0.37,0.4,,0.0847
430709,Oscar Bobb,Fulham,AMR,https://images.fotmob.com/image_resources/playerimages/1113790.png,4,4,273,0,0,0,0,7.1,0.27,0.92,0,0.0,0,27,3,3,1,89,73,8,153,8,4,1,3,2,0,6,0,0,6.65,82,-0.27,-0.92,1.19,,0.1449
303657,Rodrigo Bentancur,Tottenham Hotspur,Sub,https://images.fotmob.com/image_resources/playerimages/620618.png,5,4,383,0,0,0,0,7.5,0.01,0.02,0,0.0,0,27,0,1,0,254,226,1,311,24,5,9,1,9,14,4,0,0,6.64,89,-0.01,-0.02,0.03,,0.0195
301440,Ezri Konsa,Arsenal,Sub,https://images.fotmob.com/image_resources/playerimages/710159.png,4,3,309,0,0,0,0,7.3,0.08,0.0,0,0.0,0,11,0,1,0,148,143,1,183,5,4,8,0,4,13,2,0,0,6.62,97,-0.08,0.0,0.08,,0.0242
342499,Ethan Pinnock,Coventry City,Sub,https://images.fotmob.com/image_resources/playerimages/711357.png,4,3,305,0,0,1,0,8.0,0.07,0.01,0,0.0,0,11,0,2,0,65,52,0,124,5,4,10,0,1,30,0,0,0,6.62,80,-0.07,-0.01,0.08,,0.0269
304008,Dean Henderson,Crystal Palace,GK,https://images.fotmob.com/image_resources/playerimages/719330.png,3,3,286,0,0,0,0,7.2,0.0,0.0,38,4.54,8,6,0,0,0,80,63,0,116,0,0,0,0,0,6,0,12,0,6.6,79,0.0,0.0,0.0,-3.46,0.0206
331790,Boubacar Kamara,Aston Villa,DMC,https://images.fotmob.com/image_resources/playerimages/816325.png,5,5,466,0,0,0,0,7.3,0.06,0.1,0,0.0,0,40,0,1,0,242,212,4,307,14,2,7,3,9,8,5,0,0,6.6,88,-0.06,-0.1,0.16,,0.053
535735,Honest Ahanor,Crystal Palace,DC,https://images.fotmob.com/image_resources/playerimages/1669629.png,1,1,95,0,0,0,0,6.6,0.0,0.0,0,0.0,0,9,0,0,0,54,47,1,77,3,1,2,0,2,8,0,0,0,6.6,87,0.0,0.0,0.0,,0.057
437449,Noah Sadiki,Sunderland,DMC,https://images.fotmob.com/image_resources/playerimages/1359649.png,4,4,359,0,0,1,0,7.0,0.69,0.26,0,0.0,0,24,1,6,3,158,142,3,216,7,2,2,4,2,7,3,0,0,6.58,90,-0.69,-0.26,0.95,,0.0604
78386,Matz Sels,Nottingham Forest,GK,https://images.fotmob.com/image_resources/playerimages/181069.png,5,5,475,0,0,0,0,7.7,0.0,0.01,31,3.45,5,28,0,0,0,132,64,0,176,0,0,3,1,0,6,0,11,0,6.58,48,0.0,-0.01,0.01,-1.55,0.0896
443545,Jair Cunha,Nottingham Forest,DC,https://images.fotmob.com/image_resources/playerimages/1391209.png,4,4,379,0,0,2,0,7.3,0.06,0.01,0,0.0,0,21,0,2,0,145,119,1,212,11,3,7,0,6,24,0,0,0,6.58,82,-0.06,-0.01,0.07,,0.0603
422183,Dango Ouattara,Brentford,AMR,https://images.fotmob.com/image_resources/playerimages/1250253.png,5,2,196,0,0,0,0,7.2,0.09,0.39,0,0.0,0,14,2,4,0,47,32,4,96,3,3,6,4,6,6,1,0,0,6.58,68,-0.09,-0.39,0.48,,0.0871
343501,Sandro Tonali,Tottenham Hotspur,DMC,https://images.fotmob.com/image_resources/playerimages/867414.png,5,5,439,0,0,0,0,7.5,0.27,0.49,0,0.0,0,54,0,8,1,293,262,4,366,14,4,2,2,2,5,6,0,0,6.58,89,-0.27,-0.49,0.76,,0.0669
379732,Sven Botman,Newcastle United,DC,https://images.fotmob.com/image_resources/playerimages/956682.png,5,5,479,0,0,1,0,7.4,0.22,0.2,0,0.0,0,17,0,2,1,285,247,0,365,7,5,17,0,2,42,1,0,0,6.58,87,-0.22,-0.2,0.42,,0.0341
345319,Alexis Mac Allister,Liverpool,Sub,https://images.fotmob.com/image_resources/playerimages/831489.png,4,2,231,0,0,1,0,7.0,0.09,0.38,0,0.0,0,20,1,3,1,133,118,3,174,11,2,1,1,4,4,1,0,0,6.58,89,-0.09,-0.38,0.47,,0.0893
104376,Thomas Meunier,Sunderland,DR,https://images.fotmob.com/image_resources/playerimages/277771.png,4,4,326,0,0,0,0,7.1,0.55,0.09,0,0.0,0,26,0,7,4,135,111,1,197,4,4,3,1,2,10,0,0,0,6.57,82,-0.55,-0.09,0.64,,0.0357
355609,Pascal Struijk,Brighton & Hove Albion,Sub,https://images.fotmob.com/image_resources/playerimages/796974.png,3,1,106,0,0,1,0,7.2,0.06,0.0,0,0.0,0,8,0,1,0,75,69,0,88,2,0,3,0,0,6,0,0,0,6.57,92,-0.06,0.0,0.06,,0.0495
381107,Jack Rudoni,Coventry City,Sub,https://images.fotmob.com/image_resources/playerimages/1030830.png,5,4,302,0,0,0,0,7.2,0.95,0.84,0,0.0,0,24,1,6,3,101,77,9,175,9,3,8,1,5,4,2,0,0,6.56,76,-0.95,-0.84,1.79,,0.2769
361867,Kjell Scherpen,Ipswich Town,GK,https://images.fotmob.com/image_resources/playerimages/796398.png,4,4,382,0,0,0,0,6.9,0.0,0.01,45,6.27,9,21,0,0,0,124,76,0,184,0,1,3,0,0,7,0,15,0,6.55,61,0.0,-0.01,0.01,-2.73,0.0789
424273,Milos Kerkez,Liverpool,DL,https://images.fotmob.com/image_resources/playerimages/1195281.png,4,3,313,0,0,2,0,6.8,0.04,0.03,0,0.0,0,37,0,2,1,132,111,2,212,8,2,4,0,5,11,4,0,0,6.55,84,-0.04,-0.03,0.07,,0.0722
299684,Exequiel Palacios,Ipswich Town,Sub,https://images.fotmob.com/image_resources/playerimages/693599.png,4,3,289,0,0,0,0,6.8,0.0,0.03,0,0.0,0,38,0,0,0,198,180,3,245,11,6,1,0,5,4,1,0,0,6.55,91,0.0,-0.03,0.03,,0.0581
353418,Diogo Dalot,Manchester United,Sub,https://images.fotmob.com/image_resources/playerimages/751550.png,4,3,268,0,0,1,0,7.2,0.21,0.18,0,0.0,0,27,1,6,1,114,102,7,178,7,5,2,2,6,4,0,0,0,6.53,89,-0.21,-0.18,0.39,,0.0401
306581,Antonee Robinson,Fulham,DL,https://images.fotmob.com/image_resources/playerimages/662428.png,4,4,347,0,0,0,0,6.8,0.33,0.15,0,0.0,0,61,1,4,0,184,147,5,284,17,2,1,3,3,11,1,0,0,6.53,80,-0.33,-0.15,0.48,,0.121
393137,Lucas Gourna-Douath,Hull City,Sub,https://images.fotmob.com/image_resources/playerimages/1137106.png,3,1,150,0,0,1,0,6.9,0.03,0.01,0,0.0,0,10,0,1,0,49,35,3,78,8,2,3,1,2,1,2,0,0,6.53,71,-0.03,-0.01,0.04,,0.0623
367781,James Garner,Everton,Sub,https://images.fotmob.com/image_resources/playerimages/950474.png,5,4,347,0,0,2,0,7.6,0.15,0.11,0,0.0,0,29,0,3,1,189,171,4,244,16,3,0,0,4,5,1,0,0,6.52,90,-0.15,-0.11,0.26,,0.0627
402046,Matteo Ruggeri,Aston Villa,Sub,https://images.fotmob.com/image_resources/playerimages/1051097.png,3,1,131,0,0,0,0,7.1,0.03,0.0,0,0.0,0,13,0,1,0,55,51,1,94,3,6,1,1,0,8,2,0,0,6.5,93,-0.03,0.0,0.03,,0.0375
114147,Alisson Becker,Liverpool,GK,https://images.fotmob.com/image_resources/playerimages/319784.png,4,4,383,0,0,1,0,7.6,0.0,0.01,33,4.9,4,16,0,0,0,111,92,0,157,0,0,0,0,1,6,0,12,0,6.5,83,0.0,-0.01,0.01,0.9,0.0789
438067,Tyler Dibling,Everton,Sub,,1,0,33,0,0,0,0,6.5,0.15,0.13,0,0.0,0,1,0,3,1,3,3,2,9,1,0,0,0,0,0,0,0,0,6.5,100,-0.15,-0.13,0.28,,0.4318
362192,Joe Gelhardt,Hull City,Sub,,1,0,14,0,0,0,0,6.5,0.11,0.0,0,0.0,0,3,3,3,0,9,6,0,19,0,0,0,3,0,0,0,0,0,6.5,67,-0.11,0.0,0.11,,0.1418
393355,Malick Thiaw,Newcastle United,DC,https://images.fotmob.com/image_resources/playerimages/1137407.png,5,5,479,0,0,0,0,7.0,0.0,0.06,0,0.0,0,20,0,0,0,260,219,1,322,2,2,18,2,4,35,0,0,0,6.48,84,0.0,-0.06,0.06,,0.0272
105742,Matt Crooks,Hull City,MC,https://images.fotmob.com/image_resources/playerimages/280507.png,3,3,209,0,0,3,0,7.1,0.0,0.29,0,0.0,0,5,0,0,0,52,40,1,80,13,0,4,0,5,6,1,0,0,6.47,77,0.0,-0.29,0.29,,0.0443
472122,Rayan,AFC Bournemouth,AMR,https://images.fotmob.com/image_resources/playerimages/1478295.png,4,4,351,0,0,0,0,6.7,1.45,0.08,0,0.0,0,15,1,12,4,69,42,2,122,7,1,13,2,1,4,3,0,0,6.47,61,-1.45,-0.08,1.53,,0.0032
322611,Ryan Sessegnon,Fulham,Sub,https://images.fotmob.com/image_resources/playerimages/773991.png,3,0,65,0,0,0,0,6.6,0.15,0.31,0,0.0,0,15,2,3,1,40,31,1,74,2,2,1,4,0,0,2,0,0,6.47,78,-0.15,-0.31,0.46,,0.261
361330,Reece James,Chelsea,MC,https://images.fotmob.com/image_resources/playerimages/807729.png,4,3,312,0,0,1,0,6.7,0.25,0.11,0,0.0,0,37,0,8,4,188,172,2,249,3,2,3,0,3,7,3,0,0,6.47,91,-0.25,-0.11,0.36,,0.0924
331924,Aaron Wan-Bissaka,Aston Villa,Sub,https://images.fotmob.com/image_resources/playerimages/760320.png,4,2,172,0,0,0,0,7.0,0.0,0.05,0,0.0,0,25,0,0,0,82,73,1,131,11,5,0,2,1,6,1,0,0,6.47,89,0.0,-0.05,0.05,,0.145
362352,Pedro Porro,Tottenham Hotspur,AMR,https://images.fotmob.com/image_resources/playerimages/941573.png,3,3,207,0,0,0,0,6.9,0.64,0.07,0,0.0,0,15,1,7,1,104,73,2,163,6,1,1,2,1,5,2,0,0,6.47,70,-0.64,-0.07,0.71,,0.0401
457006,Antonin Kinsky,Tottenham Hotspur,GK,https://images.fotmob.com/image_resources/playerimages/1341475.png,5,5,474,0,0,0,0,7.1,0.0,0.0,42,6.43,8,7,0,0,0,155,108,1,207,2,0,2,0,0,10,0,12,0,6.46,70,0.0,0.0,0.0,-1.57,0.0265
402184,Senne Lammens,Manchester United,GK,https://images.fotmob.com/image_resources/playerimages/1178602.png,4,4,385,0,0,0,0,6.7,0.0,0.0,29,6.54,7,6,0,0,0,74,57,0,105,0,0,3,0,0,5,0,10,0,6.45,77,0.0,0.0,0.0,-0.46,0.0127
403865,Yeremy Pino,Crystal Palace,Sub,https://images.fotmob.com/image_resources/playerimages/1047676.png,4,3,233,0,0,0,0,6.9,0.48,0.32,0,0.0,0,17,0,4,0,97,76,5,147,6,1,1,0,4,2,2,0,0,6.45,78,-0.48,-0.32,0.8,,0.1541
396976,Calvin Bassey,Fulham,DC,https://images.fotmob.com/image_resources/playerimages/877401.png,4,4,376,0,0,1,0,7.3,0.06,0.02,0,0.0,0,24,0,2,1,290,261,0,342,5,3,2,3,2,13,0,0,0,6.45,90,-0.06,-0.02,0.08,,0.0699
428060,Shea Charles,Fulham,Sub,https://images.fotmob.com/image_resources/playerimages/1281452.png,4,2,227,0,0,0,0,7.3,0.08,0.12,0,0.0,0,17,1,2,0,162,148,3,201,5,7,2,2,1,2,1,0,0,6.45,91,-0.08,-0.12,0.2,,0.0685
403850,Malo Gusto,Chelsea,DMR,https://images.fotmob.com/image_resources/playerimages/1197250.png,4,3,282,0,0,0,0,6.6,0.08,0.09,0,0.0,0,30,0,2,0,108,88,1,169,7,4,4,1,1,7,2,0,0,6.45,81,-0.08,-0.09,0.17,,0.0836
394749,Omar Marmoush,Tottenham Hotspur,FW,https://images.fotmob.com/image_resources/playerimages/839204.png,4,4,351,0,0,0,0,7.1,0.34,0.05,0,0.0,0,15,2,7,1,67,63,4,134,4,0,0,12,8,0,10,0,0,6.45,94,-0.34,-0.05,0.39,,0.0293
419945,Merlin Rohl,Everton,DR,https://images.fotmob.com/image_resources/playerimages/1210384.png,3,3,256,0,0,1,0,7.0,0.0,0.23,0,0.0,0,29,0,0,0,88,71,2,160,7,0,3,0,3,6,1,0,0,6.43,81,0.0,-0.23,0.23,,0.0987
363884,Ryan Gravenberch,Liverpool,DMC,https://images.fotmob.com/image_resources/playerimages/956683.png,4,2,193,0,0,0,0,7.0,0.11,0.04,0,0.0,0,22,0,3,0,100,89,3,145,5,3,3,0,3,6,8,0,0,6.43,89,-0.11,-0.04,0.15,,0.0958
443663,Ousmane Diomande,Nottingham Forest,Sub,https://images.fotmob.com/image_resources/playerimages/1425182.png,3,2,174,0,0,0,0,7.0,0.21,0.0,0,0.0,0,6,0,2,0,76,66,0,104,2,1,7,0,3,15,0,0,0,6.43,87,-0.21,0.0,0.21,,0.028
467918,Myles Lewis-Skelly,Arsenal,DMC,https://images.fotmob.com/image_resources/playerimages/1406436.png,4,4,275,0,0,0,0,7.0,0.15,0.19,0,0.0,0,17,0,3,0,192,179,2,226,1,1,2,0,8,2,3,0,0,6.42,93,-0.15,-0.19,0.34,,0.0549
331235,Brandon Thomas-Asante,Coventry City,ML,https://images.fotmob.com/image_resources/playerimages/776184.png,5,2,252,0,0,0,0,7.5,0.23,0.06,0,0.0,0,7,3,5,3,38,22,0,101,7,9,7,4,0,3,2,0,0,6.42,58,-0.23,-0.06,0.29,,0.0345
422814,Robin Roefs,Sunderland,GK,https://images.fotmob.com/image_resources/playerimages/1125720.png,4,4,382,0,0,0,0,6.8,0.0,0.01,25,3.77,5,20,0,0,0,146,100,0,184,0,0,2,1,0,5,0,5,0,6.42,68,0.0,-0.01,0.01,-1.23,0.0868
361812,Reinildo Mandava,Sunderland,DL,,4,4,382,0,0,2,1,7.3,0.0,0.24,0,0.0,0,35,0,0,0,151,130,2,245,13,8,9,2,8,12,2,0,0,6.42,86,0.0,-0.24,0.24,,0.1006
113069,Jack Grealish,Manchester City,Sub,https://images.fotmob.com/image_resources/playerimages/312765.png,4,1,152,0,0,0,0,6.8,0.04,0.37,0,0.0,0,30,1,1,0,83,71,6,104,5,0,0,1,2,2,2,0,0,6.42,86,-0.04,-0.37,0.41,,0.1641
414473,Cody Drameh,Hull City,Sub,https://images.fotmob.com/image_resources/playerimages/962046.png,2,0,77,0,0,0,0,6.4,0.04,0.0,0,0.0,0,1,0,1,0,12,8,0,30,2,2,1,0,1,3,0,0,0,6.4,67,-0.04,0.0,0.04,,0.0055
345845,Eddie Nketiah,Crystal Palace,AMC,https://images.fotmob.com/image_resources/playerimages/860920.png,3,3,167,0,0,0,0,6.7,1.14,0.54,0,0.0,0,4,0,4,2,30,21,4,63,6,1,4,2,2,1,3,0,0,6.4,70,-1.14,-0.54,1.68,,0.134
321958,Ferdi Kadioglu,Brighton & Hove Albion,DL,https://images.fotmob.com/image_resources/playerimages/774448.png,4,4,343,0,0,1,0,6.8,0.15,0.12,0,0.0,0,24,0,4,1,149,131,4,201,2,1,0,1,2,7,0,0,0,6.4,88,-0.15,-0.12,0.27,,0.0463
504830,Ayyoub Bouaddi,Manchester City,Sub,https://images.fotmob.com/image_resources/playerimages/1561552.png,2,0,34,0,0,0,0,6.4,0.0,0.11,0,0.0,0,4,0,0,0,39,35,0,45,0,1,0,1,0,0,0,0,0,6.4,90,0.0,-0.11,0.11,,0.1013
262401,Darnell Furlong,Ipswich Town,Sub,https://images.fotmob.com/image_resources/playerimages/609733.png,1,0,26,0,0,0,0,6.4,0.0,0.0,0,0.0,0,1,0,0,0,13,9,0,19,2,1,2,0,0,1,0,0,0,6.4,69,0.0,0.0,0.0,,0.0152
330816,Kevin Danso,Sunderland,DC,https://images.fotmob.com/image_resources/playerimages/754126.png,2,2,194,0,0,0,0,6.8,0.0,0.13,0,0.0,0,15,0,0,0,73,60,2,107,1,0,3,0,1,9,0,0,0,6.4,82,0.0,-0.13,0.13,,0.2624
130304,Walter Benitez,Crystal Palace,GK,https://images.fotmob.com/image_resources/playerimages/448897.png,1,1,95,0,0,0,0,6.4,0.0,0.0,7,3.23,3,7,0,0,0,28,17,0,38,0,0,1,0,0,1,0,3,0,6.4,61,0.0,0.0,0.0,0.23,0.1167
430774,Adam Wharton,Crystal Palace,MC,https://images.fotmob.com/image_resources/playerimages/1296650.png,4,4,362,0,0,0,0,6.6,0.02,0.23,0,0.0,0,20,0,1,0,156,121,5,212,11,4,1,1,0,7,6,0,0,6.38,78,-0.02,-0.23,0.25,,0.0796
69877,Adam Smith,AFC Bournemouth,DR,https://images.fotmob.com/image_resources/playerimages/160447.png,4,4,380,0,0,3,0,6.5,0.02,0.08,0,0.0,0,35,0,1,0,110,86,3,197,8,4,6,1,6,12,0,0,0,6.38,78,-0.02,-0.08,0.1,,0.1261
468847,Nico O'Reilly,Manchester City,AMC,https://images.fotmob.com/image_resources/playerimages/1300526.png,3,2,164,0,0,0,0,6.8,0.04,0.32,0,0.0,0,13,0,2,0,83,75,1,108,5,0,1,3,2,1,4,0,0,6.37,90,-0.04,-0.32,0.36,,0.0432
389935,Noni Madueke,Arsenal,Sub,https://images.fotmob.com/image_resources/playerimages/1084981.png,2,0,32,0,0,0,0,6.6,0.0,0.06,0,0.0,0,9,0,0,0,18,16,4,27,1,0,1,1,0,0,0,0,0,6.35,89,0.0,-0.06,0.06,,-0.0879
425118,Loum Tchaouna,Coventry City,MR,https://images.fotmob.com/image_resources/playerimages/1283034.png,4,2,223,0,0,0,0,6.5,0.26,0.16,0,0.0,0,8,1,6,2,65,49,3,104,2,0,2,2,1,5,1,0,0,6.35,75,-0.26,-0.16,0.42,,0.0674
614510,Elliot Stroud,Hull City,ML,https://images.fotmob.com/image_resources/playerimages/1272349.png,4,4,249,0,0,1,0,6.9,0.07,0.03,0,0.0,0,6,0,3,0,37,25,1,66,6,2,2,1,6,1,0,0,0,6.35,68,-0.07,-0.03,0.1,,0.0434
400496,Daniel Munoz,Crystal Palace,DMR,https://images.fotmob.com/image_resources/playerimages/859282.png,4,3,269,0,0,0,0,7.7,0.54,0.18,0,0.0,0,37,0,5,2,112,96,4,177,10,1,8,0,3,7,0,0,0,6.35,86,-0.54,-0.18,0.72,,0.1132
422885,Mathys Tel,Tottenham Hotspur,AML,https://images.fotmob.com/image_resources/playerimages/1288111.png,4,3,265,0,0,0,0,6.7,0.25,0.19,0,0.0,0,29,3,6,1,87,75,3,167,3,0,1,10,4,1,9,0,0,6.35,86,-0.25,-0.19,0.44,,0.0319
136824,Alex Iwobi,Fulham,DMC,https://images.fotmob.com/image_resources/playerimages/604785.png,4,4,346,0,0,0,0,6.7,0.16,0.69,0,0.0,0,55,0,4,0,260,235,5,309,7,3,0,0,2,1,2,0,0,6.35,90,-0.16,-0.69,0.85,,0.1479
301455,Kostas Tsimikas,Liverpool,Sub,https://images.fotmob.com/image_resources/playerimages/671529.png,2,1,70,0,0,0,0,6.5,0.04,0.0,0,0.0,0,12,0,1,1,44,33,0,70,1,1,0,1,4,1,1,0,0,6.35,75,-0.04,0.0,0.04,,0.0316
606532,Lucas Herrington,Hull City,Sub,https://images.fotmob.com/image_resources/playerimages/1686118.png,5,1,227,0,0,0,0,6.7,0.02,0.03,0,0.0,0,12,0,1,0,80,72,2,104,3,2,5,0,1,10,0,0,0,6.34,90,-0.02,-0.03,0.05,,0.0263
388651,Hayden Hackney,Everton,DMC,https://images.fotmob.com/image_resources/playerimages/982394.png,5,1,160,0,0,0,0,6.9,0.06,0.08,0,0.0,0,11,0,2,0,81,73,4,117,7,2,0,0,2,1,1,0,0,6.34,90,-0.06,-0.08,0.14,,0.0905
402367,Aaron Hickey,Brentford,Sub,https://images.fotmob.com/image_resources/playerimages/1002039.png,5,1,174,0,0,0,0,6.7,0.04,0.02,0,0.0,0,16,1,1,0,48,39,0,102,4,2,3,3,3,10,0,0,0,6.34,81,-0.04,-0.02,0.06,,0.0357
137015,James Maddison,Tottenham Hotspur,Sub,https://images.fotmob.com/image_resources/playerimages/493165.png,3,0,77,0,0,0,0,6.7,0.07,0.01,0,0.0,0,13,0,2,1,53,47,0,82,4,1,1,0,0,1,2,0,0,6.33,89,-0.07,-0.01,0.08,,-0.0539
136456,Lewis Cook,AFC Bournemouth,DMC,https://images.fotmob.com/image_resources/playerimages/562724.png,4,2,178,0,0,1,0,6.7,0.0,0.0,0,0.0,0,9,0,0,0,74,65,1,87,2,4,4,0,2,2,3,0,0,6.33,88,0.0,0.0,0.0,,0.0357
392644,Jeremie Frimpong,Liverpool,DR,https://images.fotmob.com/image_resources/playerimages/966018.png,3,2,192,0,0,1,0,6.7,0.02,0.34,0,0.0,0,28,0,1,0,96,84,6,153,7,1,0,1,2,7,0,0,0,6.33,88,-0.02,-0.34,0.36,,0.1971
416208,Tim Iroegbunam,Everton,Sub,https://images.fotmob.com/image_resources/playerimages/1203512.png,3,0,88,0,0,1,0,6.7,0.12,0.0,0,0.0,0,4,1,2,0,28,22,1,42,3,1,2,2,3,0,0,0,0,6.33,79,-0.12,0.0,0.12,,0.1141
450271,Aurele Amenda,Coventry City,DC,https://images.fotmob.com/image_resources/playerimages/1257648.png,4,4,380,0,0,1,0,6.5,0.01,0.23,0,0.0,0,20,0,1,0,162,137,1,199,2,3,14,1,6,16,2,0,0,6.32,85,-0.01,-0.23,0.24,,0.0268
138584,Matt Grimes,Coventry City,DMC,https://images.fotmob.com/image_resources/playerimages/478357.png,5,5,463,0,0,0,0,7.1,0.12,0.07,0,0.0,0,28,0,4,0,243,204,2,302,14,2,6,0,3,8,0,0,0,6.32,84,-0.12,-0.07,0.19,,0.07
301415,Lewie Coyle,Hull City,DR,https://images.fotmob.com/image_resources/playerimages/709148.png,5,5,354,0,0,1,0,6.8,0.06,0.03,0,0.0,0,24,0,1,0,101,76,2,170,5,2,2,0,2,6,2,0,0,6.32,75,-0.06,-0.03,0.09,,0.074
379688,Brennan Johnson,Everton,Sub,https://images.fotmob.com/image_resources/playerimages/1076756.png,5,3,251,0,0,1,0,6.8,0.69,0.26,0,0.0,0,8,0,4,0,49,34,4,97,8,3,1,1,5,5,3,0,0,6.32,69,-0.69,-0.26,0.95,,0.0428
333044,Harry Wilson,Leeds United,AMC,https://images.fotmob.com/image_resources/playerimages/494417.png,4,1,158,0,0,1,0,6.6,0.02,0.04,0,0.0,0,10,0,1,0,40,36,4,67,6,2,0,2,3,1,1,0,0,6.32,90,-0.02,-0.04,0.06,,0.0005
395954,Costinha,Brighton & Hove Albion,Sub,https://images.fotmob.com/image_resources/playerimages/1079456.png,5,0,99,0,0,1,0,6.8,0.07,0.25,0,0.0,0,8,0,2,1,42,38,1,68,2,2,1,1,3,4,3,0,0,6.32,90,-0.07,-0.25,0.32,,0.1716
92547,Ross Barkley,Aston Villa,AMC,https://images.fotmob.com/image_resources/playerimages/215384.png,5,4,320,0,0,0,0,6.9,0.31,0.08,0,0.0,0,33,2,7,1,205,185,6,263,10,0,3,4,4,4,13,0,0,6.32,90,-0.31,-0.08,0.39,,0.0765
474264,Lewis Miley,Newcastle United,DMC,https://images.fotmob.com/image_resources/playerimages/1296763.png,5,5,406,0,0,1,0,7.0,0.05,0.05,0,0.0,0,28,0,1,0,253,224,4,309,10,5,5,3,2,12,2,0,0,6.32,89,-0.05,-0.05,0.1,,0.0526
372424,Martin Zubimendi,Arsenal,Sub,https://images.fotmob.com/image_resources/playerimages/1031325.png,5,0,125,0,0,0,0,6.4,0.17,0.02,0,0.0,0,9,0,3,0,67,55,0,107,5,4,5,0,3,1,4,0,0,6.3,82,-0.17,-0.02,0.19,,-0.0023
433937,Abdoul Ouattara,Ipswich Town,Sub,https://images.fotmob.com/image_resources/playerimages/1343053.png,5,1,165,0,0,0,0,6.9,0.02,0.01,0,0.0,0,7,0,1,1,99,89,3,122,5,3,0,0,0,4,0,0,0,6.3,90,-0.02,-0.01,0.03,,0.0364
429922,Archie Gray,Tottenham Hotspur,DR,https://images.fotmob.com/image_resources/playerimages/1323305.png,4,3,316,0,0,0,0,6.9,0.28,0.01,0,0.0,0,28,1,3,1,139,123,0,198,9,4,2,3,3,6,3,0,0,6.3,88,-0.28,-0.01,0.29,,0.0446
447231,Mateus Fernandes,Tottenham Hotspur,Sub,https://images.fotmob.com/image_resources/playerimages/1356312.png,5,3,262,0,0,1,0,6.8,0.2,0.18,0,0.0,0,29,0,6,1,171,163,5,217,7,2,1,1,9,0,2,0,0,6.3,95,-0.2,-0.18,0.38,,0.0957
384134,Ian Maatsen,Aston Villa,DL,https://images.fotmob.com/image_resources/playerimages/966026.png,4,4,350,0,0,1,0,6.9,0.23,0.32,0,0.0,0,34,0,5,1,98,84,1,201,9,7,1,1,5,10,2,0,0,6.3,86,-0.23,-0.32,0.55,,0.0736
584927,Ryan McAidoo,Manchester City,Sub,https://images.fotmob.com/image_resources/playerimages/1680328.png,2,0,23,0,0,0,0,6.4,0.07,0.0,0,0.0,0,0,1,1,0,7,4,0,16,2,0,0,2,0,0,0,0,0,6.3,57,-0.07,0.0,0.07,,0.0112
422939,Nico Gonzalez,Newcastle United,DMC,https://images.fotmob.com/image_resources/playerimages/1280132.png,3,3,164,0,0,1,0,6.5,0.0,0.12,0,0.0,0,11,0,0,0,110,97,3,128,6,1,1,1,8,1,3,0,0,6.3,88,0.0,-0.12,0.12,,0.077
425366,Bradley Barcola,Liverpool,Sub,https://images.fotmob.com/image_resources/playerimages/1297165.png,2,1,103,0,0,0,0,6.3,0.23,0.14,0,0.0,0,9,1,1,0,26,19,2,45,4,0,0,1,0,0,0,0,0,6.3,73,-0.23,-0.14,0.37,,-0.0063
389064,Melvin Bard,Leeds United,Sub,,1,0,22,0,0,0,0,6.3,0.0,0.0,0,0.0,0,2,0,0,0,6,4,1,9,1,1,1,0,1,0,0,0,0,6.3,67,0.0,0.0,0.0,,0.1069
136464,Tosin Adarabioyo,Tottenham Hotspur,Sub,https://images.fotmob.com/image_resources/playerimages/683402.png,1,0,9,0,0,0,0,6.3,0.0,0.0,0,0.0,0,1,0,0,0,6,6,0,11,2,0,0,0,0,2,0,0,0,6.3,100,0.0,0.0,0.0,,0.099
640690,Mahdi Nicoll-Jazuli,Chelsea,Sub,,1,0,10,0,0,0,0,6.3,0.0,0.0,0,0.0,0,1,0,0,0,9,8,0,11,2,0,2,0,0,0,0,0,0,6.3,89,0.0,0.0,0.0,,0.0672
140906,Christian Walton,Ipswich Town,GK,,1,1,98,0,0,0,0,6.3,0.0,0.0,10,1.39,1,8,0,0,0,54,27,0,63,0,0,1,0,0,2,0,1,0,6.3,50,0.0,0.0,0.0,0.39,0.1579
315275,Tyler Adams,AFC Bournemouth,Sub,https://images.fotmob.com/image_resources/playerimages/729769.png,4,2,202,0,0,0,0,6.6,0.03,0.01,0,0.0,0,20,0,1,1,126,111,1,160,8,6,1,0,3,0,0,0,0,6.28,88,-0.03,-0.01,0.04,,0.0585
321020,Sander Berge,Fulham,DMC,https://images.fotmob.com/image_resources/playerimages/540963.png,4,3,282,0,0,0,0,6.8,0.03,0.37,0,0.0,0,10,0,1,0,198,179,5,222,7,1,1,0,1,2,3,0,0,6.28,90,-0.03,-0.37,0.4,,0.0639
421351,Levi Colwill,Chelsea,DC,https://images.fotmob.com/image_resources/playerimages/1096400.png,4,4,357,0,0,1,0,6.7,0.02,0.03,0,0.0,0,23,0,1,0,193,168,1,239,4,4,9,1,2,17,0,0,0,6.28,87,-0.02,-0.03,0.05,,0.0529
451236,Andrey Santos,Manchester United,DMC,https://images.fotmob.com/image_resources/playerimages/1372921.png,3,1,98,0,0,0,0,6.3,0.0,0.18,0,0.0,0,16,0,0,0,83,77,0,105,5,0,3,0,2,7,0,0,0,6.27,93,0.0,-0.18,0.18,,0.1752
377283,Takehiro Tomiyasu,Crystal Palace,Sub,https://images.fotmob.com/image_resources/playerimages/664444.png,3,1,157,0,0,0,0,6.5,0.0,0.0,0,0.0,0,8,0,0,0,85,73,0,116,2,5,3,0,1,7,0,0,0,6.27,86,0.0,0.0,0.0,,0.0345
404568,Brian Brobbey,Sunderland,FW,https://images.fotmob.com/image_resources/playerimages/940446.png,4,4,323,0,0,1,0,7.0,0.73,0.09,0,0.0,0,4,0,6,1,49,37,4,86,1,0,9,0,7,1,4,0,0,6.27,76,-0.73,-0.09,0.82,,-0.0105
328075,Ibrahim Sangare,Nottingham Forest,MC,https://images.fotmob.com/image_resources/playerimages/795371.png,3,1,122,0,0,0,0,6.6,0.04,0.01,0,0.0,0,8,0,2,0,71,57,1,88,2,0,4,1,2,1,0,0,0,6.27,80,-0.04,-0.01,0.05,,0.0288
519755,Ibrahim Osman,Brighton & Hove Albion,Sub,https://images.fotmob.com/image_resources/playerimages/1215410.png,3,0,59,0,0,0,0,6.4,0.09,0.06,0,0.0,0,6,2,2,0,27,22,1,47,1,0,0,2,1,0,1,0,0,6.27,81,-0.09,-0.06,0.15,,-0.0158
403649,Rodrigo Muniz,Fulham,Sub,https://images.fotmob.com/image_resources/playerimages/1128945.png,3,0,43,0,0,0,0,6.5,0.2,0.0,0,0.0,0,0,0,3,2,8,5,2,21,0,0,5,0,0,2,0,0,0,6.27,62,-0.2,0.0,0.2,,
300426,Axel Disasi,Crystal Palace,Sub,https://images.fotmob.com/image_resources/playerimages/696646.png,3,2,211,0,0,0,1,7.3,0.0,0.07,0,0.0,0,8,0,0,0,90,80,1,115,7,6,3,1,3,7,1,0,0,6.27,89,0.0,-0.07,0.07,,0.0645
340105,Lisandro Martinez,Manchester United,DC,https://images.fotmob.com/image_resources/playerimages/847983.png,3,3,289,0,0,0,0,6.7,0.06,0.07,0,0.0,0,35,0,2,1,202,183,0,230,5,1,7,0,2,10,1,0,0,6.27,91,-0.06,-0.07,0.13,,0.0892
93894,Mateo Kovacic,Manchester City,Sub,https://images.fotmob.com/image_resources/playerimages/239219.png,2,0,54,0,0,0,0,6.3,0.0,0.01,0,0.0,0,8,0,0,0,56,54,0,61,0,0,1,0,0,0,0,0,0,6.25,96,0.0,-0.01,0.01,,0.0671
92173,Bernd Leno,Fulham,GK,https://images.fotmob.com/image_resources/playerimages/215168.png,4,4,376,0,0,0,0,7.4,0.0,0.01,34,5.21,7,13,0,0,0,169,122,0,203,0,0,1,0,0,4,0,11,0,6.25,72,0.0,-0.01,0.01,-1.79,0.0672
518604,Josh Acheampong,Chelsea,DC,https://images.fotmob.com/image_resources/playerimages/1400216.png,4,2,242,0,0,0,0,7.1,0.0,0.0,0,0.0,0,13,0,0,0,78,63,0,114,10,1,1,0,2,10,1,0,0,6.25,81,0.0,0.0,0.0,,0.001
342899,Ephron Mason-Clark,Coventry City,AML,https://images.fotmob.com/image_resources/playerimages/798654.png,4,4,231,0,0,0,0,6.6,0.32,0.11,0,0.0,0,5,0,4,2,39,27,4,86,0,0,7,0,7,6,4,0,0,6.25,69,-0.32,-0.11,0.43,,0.0165
302313,Daniel James,Leeds United,Sub,https://images.fotmob.com/image_resources/playerimages/717176.png,2,0,38,0,0,0,0,6.3,0.27,0.0,0,0.0,0,2,1,6,0,6,5,0,23,0,0,0,4,1,0,0,0,0,6.25,83,-0.27,0.0,0.27,,0.1006
479288,El Hadji Malick Diouf,Brentford,Sub,https://images.fotmob.com/image_resources/playerimages/1451265.png,2,0,52,0,0,0,0,6.3,0.0,0.0,0,0.0,0,6,0,0,0,19,13,0,28,0,0,2,0,0,2,0,0,0,6.25,68,0.0,0.0,0.0,,0.1486
238916,Mikel Merino,Arsenal,Sub,https://images.fotmob.com/image_resources/playerimages/574645.png,5,0,117,0,0,1,0,6.7,0.1,0.09,0,0.0,0,8,2,2,1,58,51,0,79,1,0,2,5,4,1,2,0,0,6.22,88,-0.1,-0.09,0.19,,0.1428
404109,Frank Onyeka,Coventry City,MC,https://images.fotmob.com/image_resources/playerimages/856685.png,4,4,324,0,0,0,0,6.7,0.03,0.0,0,0.0,0,7,0,1,1,85,59,0,120,7,6,3,0,7,3,0,0,0,6.22,69,-0.03,0.0,0.03,,0.0244
322043,Matty Cash,Aston Villa,DR,https://images.fotmob.com/image_resources/playerimages/729731.png,4,3,309,0,0,2,0,6.6,0.07,0.01,0,0.0,0,26,0,1,0,122,100,1,186,9,1,1,0,6,8,0,0,0,6.22,82,-0.07,-0.01,0.08,,0.0631
332403,Eberechi Eze,Arsenal,Sub,https://images.fotmob.com/image_resources/playerimages/818975.png,4,0,115,0,0,0,0,6.3,0.03,0.04,0,0.0,0,8,1,1,0,38,30,0,56,0,0,2,2,0,0,1,0,0,6.2,79,-0.03,-0.04,0.07,,0.0501
495260,Patrick Dorgu,Manchester United,AML,https://images.fotmob.com/image_resources/playerimages/1526560.png,4,2,186,0,0,1,0,6.7,0.74,0.06,0,0.0,0,19,0,5,1,66,55,2,116,10,2,6,0,7,4,1,0,0,6.2,83,-0.74,-0.06,0.8,,0.0031
454342,Chadi Riad,Crystal Palace,DC,https://images.fotmob.com/image_resources/playerimages/1187506.png,1,1,72,0,0,0,0,6.2,0.0,0.0,0,0.0,0,8,0,0,0,49,46,0,61,1,1,2,0,2,5,0,0,0,6.2,94,0.0,0.0,0.0,,0.1143
417745,Marcelino Nunez,Ipswich Town,DMC,https://images.fotmob.com/image_resources/playerimages/1129081.png,2,2,140,0,0,0,0,7.3,0.04,0.05,0,0.0,0,12,0,1,0,70,61,1,93,9,1,0,2,1,4,0,0,0,6.2,87,-0.04,-0.05,0.09,,0.0181
401044,Destiny Udogie,Tottenham Hotspur,Sub,https://images.fotmob.com/image_resources/playerimages/1052898.png,3,1,96,0,0,1,0,6.5,0.0,0.22,0,0.0,0,15,0,0,0,50,44,1,83,1,1,3,0,3,2,2,0,0,6.2,88,0.0,-0.22,0.22,,0.2007
141486,Jacob Murphy,Newcastle United,Sub,https://images.fotmob.com/image_resources/playerimages/521148.png,5,2,209,0,0,3,0,7.1,0.04,0.41,0,0.0,0,14,1,2,0,37,28,1,89,6,0,1,2,2,4,2,0,0,6.2,76,-0.04,-0.41,0.45,,0.0405
333182,Jorge Cuenca,Fulham,DC,https://images.fotmob.com/image_resources/playerimages/821728.png,1,1,94,0,0,0,0,6.2,0.0,0.03,0,0.0,0,9,0,0,0,87,77,2,99,1,1,2,0,0,5,0,0,0,6.2,89,0.0,-0.03,0.03,,0.1657
448468,Pep Chavarria,Chelsea,Sub,https://images.fotmob.com/image_resources/playerimages/988805.png,5,1,236,0,0,0,0,6.6,0.03,0.07,0,0.0,0,18,0,1,0,105,88,2,171,6,4,1,0,3,7,1,0,0,6.2,84,-0.03,-0.07,0.1,,0.0433
128882,Ryan Christie,AFC Bournemouth,Sub,https://images.fotmob.com/image_resources/playerimages/439369.png,3,0,39,0,0,0,0,6.5,0.0,0.07,0,0.0,0,4,0,0,0,22,18,1,33,2,3,1,1,0,0,3,0,0,6.2,82,0.0,-0.07,0.07,,0.1016
431539,Tatsuhiro Sakamoto,Coventry City,Sub,https://images.fotmob.com/image_resources/playerimages/1025603.png,1,0,37,0,0,0,0,6.2,0.03,0.0,0,0.0,0,3,0,1,0,12,11,0,27,2,0,1,0,0,0,0,0,0,6.2,92,-0.03,0.0,0.03,,-0.0212
437299,Leny Yoro,Manchester United,Sub,https://images.fotmob.com/image_resources/playerimages/1358581.png,2,0,38,0,0,0,0,6.2,0.0,0.02,0,0.0,0,3,0,0,0,24,22,0,32,2,2,0,0,1,1,1,0,0,6.2,92,0.0,-0.02,0.02,,-0.0076
68659,Jordan Henderson,Chelsea,MC,,1,1,96,0,0,0,0,6.2,0.0,0.05,0,0.0,0,11,0,0,0,76,68,0,92,1,0,0,1,0,1,0,0,0,6.2,89,0.0,-0.05,0.05,,0.0495
383605,Joel Latibeaudiere,Coventry City,Sub,,1,0,6,0,0,0,0,6.2,0.0,0.0,0,0.0,0,0,0,0,0,0,0,0,2,0,0,0,0,0,1,0,0,0,6.2,,0.0,0.0,0.0,,
421944,Carl Rushworth,Coventry City,GK,https://images.fotmob.com/image_resources/playerimages/1187236.png,5,5,476,0,0,0,0,7.0,0.0,0.01,53,7.43,10,49,0,0,0,209,113,1,264,0,0,1,1,0,4,0,9,0,6.18,54,0.0,-0.01,0.01,-2.57,0.1887
561984,Caleb Yirenkyi,Coventry City,MC,https://images.fotmob.com/image_resources/playerimages/1615927.png,5,3,278,0,0,1,0,6.8,0.03,0.1,0,0.0,0,17,0,1,0,102,87,3,140,3,2,8,1,9,5,1,0,0,6.18,85,-0.03,-0.1,0.13,,0.0855
576066,George Hemmings,Aston Villa,AML,https://images.fotmob.com/image_resources/playerimages/1607333.png,5,4,311,0,0,0,0,6.9,0.04,0.14,0,0.0,0,7,2,1,1,57,42,3,97,10,0,5,3,6,3,5,0,0,6.18,74,-0.04,-0.14,0.18,,0.0272
552573,Sean Steur,Newcastle United,DMC,https://images.fotmob.com/image_resources/playerimages/1643770.png,5,2,240,0,0,0,0,7.2,0.0,0.02,0,0.0,0,19,1,0,0,160,140,3,181,6,1,0,1,1,7,2,0,0,6.18,88,0.0,-0.02,0.02,,0.0285
396483,Ellis Simms,Coventry City,FW,https://images.fotmob.com/image_resources/playerimages/982284.png,3,1,117,0,0,0,0,6.2,0.29,0.0,0,0.0,0,1,0,1,1,19,12,2,31,1,0,6,1,2,1,0,0,0,6.17,63,-0.29,0.0,0.29,,-0.001
429531,Kasey McAteer,Ipswich Town,Sub,https://images.fotmob.com/image_resources/playerimages/1113915.png,3,0,62,0,0,0,0,6.2,0.04,0.0,0,0.0,0,1,0,1,1,12,11,0,19,1,0,0,0,1,0,0,0,0,6.17,92,-0.04,0.0,0.04,,0.0194
546589,Aladji Bamba,Newcastle United,Sub,https://images.fotmob.com/image_resources/playerimages/1695681.png,3,0,49,0,0,0,0,6.3,0.0,0.0,0,0.0,0,1,0,0,0,7,6,0,19,4,0,2,0,1,3,1,0,0,6.17,86,0.0,0.0,0.0,,0.0186
419341,Valentin Barco,Chelsea,Sub,https://images.fotmob.com/image_resources/playerimages/1272440.png,3,1,128,0,0,1,0,6.5,0.08,0.03,0,0.0,0,9,0,2,0,83,76,0,106,3,4,2,0,2,0,3,0,0,6.17,92,-0.08,-0.03,0.11,,0.0527
475462,Matias Fernandez-Pardo,Newcastle United,Sub,https://images.fotmob.com/image_resources/playerimages/1444231.png,3,2,164,0,0,0,0,6.3,0.04,0.0,0,0.0,0,5,1,1,0,29,20,1,49,4,0,1,1,2,0,1,0,0,6.17,69,-0.04,0.0,0.04,,0.0244
379760,Milan van Ewijk,Coventry City,DR,https://images.fotmob.com/image_resources/playerimages/1074750.png,4,4,380,0,0,1,0,6.8,0.0,0.37,0,0.0,0,31,0,0,0,115,99,3,197,9,5,4,1,4,13,3,0,0,6.15,86,0.0,-0.37,0.37,,0.144
391348,Charly Alcaraz,Everton,Sub,https://images.fotmob.com/image_resources/playerimages/1128965.png,2,0,12,0,0,1,0,6.3,0.07,0.01,0,0.0,0,2,0,2,1,5,3,0,9,2,0,0,0,1,0,0,0,0,6.15,60,-0.07,-0.01,0.08,,0.1238
371012,Brenden Aaronson,Leeds United,AMC,https://images.fotmob.com/image_resources/playerimages/952322.png,4,2,182,0,0,0,0,6.8,0.02,0.01,0,0.0,0,3,1,1,1,29,20,0,64,9,0,3,2,0,1,3,0,0,6.15,69,-0.02,-0.01,0.03,,0.0028
526481,Mikey Moore,Tottenham Hotspur,AMR,https://images.fotmob.com/image_resources/playerimages/1407250.png,2,1,94,0,0,0,0,6.5,0.55,0.01,0,0.0,0,2,0,4,3,17,14,1,35,1,0,0,2,0,0,0,0,0,6.15,82,-0.55,-0.01,0.56,,-0.0054
406564,Djordje Petrovic,AFC Bournemouth,GK,https://images.fotmob.com/image_resources/playerimages/1067256.png,4,4,380,0,0,0,0,7.1,0.0,0.0,23,5.46,7,19,0,0,0,143,94,0,178,0,0,3,0,0,6,0,9,0,6.15,66,0.0,0.0,0.0,-1.54,0.0692
82726,Fabian Schar,Newcastle United,Sub,https://images.fotmob.com/image_resources/playerimages/189982.png,2,0,36,0,0,0,0,6.4,0.0,0.0,0,0.0,0,4,0,0,0,12,11,1,20,0,0,0,0,1,3,0,0,0,6.15,92,0.0,0.0,0.0,,0.1604
509423,Trey Nyoni,Liverpool,Sub,https://images.fotmob.com/image_resources/playerimages/1436258.png,2,0,31,0,0,0,0,6.3,0.0,0.0,0,0.0,0,4,0,0,0,25,23,0,28,3,1,0,0,0,0,0,0,0,6.15,92,0.0,0.0,0.0,,0.0886
342889,Matt O'Riley,Brighton & Hove Albion,Sub,https://images.fotmob.com/image_resources/playerimages/866686.png,2,0,24,0,0,0,0,6.2,0.42,0.0,0,0.0,0,2,0,1,1,3,3,1,7,0,0,0,0,0,2,0,0,0,6.15,100,-0.42,0.0,0.42,,-0.0035
411335,Jaden Philogene,Ipswich Town,Sub,,2,0,67,0,0,0,0,6.3,0.06,0.0,0,0.0,0,3,0,2,1,19,15,0,38,1,0,0,2,1,0,2,0,0,6.15,79,-0.06,0.0,0.06,,0.025
347340,Lukas Nmecha,Leeds United,Sub,https://images.fotmob.com/image_resources/playerimages/861197.png,3,0,64,0,0,0,0,6.6,0.19,0.14,0,0.0,0,2,0,3,0,10,7,2,23,0,0,0,1,0,0,0,0,0,6.13,70,-0.19,-0.14,0.33,,0.254
39308,Danny Welbeck,Chelsea,Sub,https://images.fotmob.com/image_resources/playerimages/113836.png,3,1,97,0,0,0,0,6.3,0.0,0.17,0,0.0,0,5,0,0,0,18,16,3,25,2,0,1,0,1,1,0,0,0,6.13,89,0.0,-0.17,0.17,,0.0836
377287,Daizen Maeda,Ipswich Town,AML,https://images.fotmob.com/image_resources/playerimages/728765.png,5,3,274,0,0,0,0,6.4,0.5,0.02,0,0.0,0,7,0,3,2,41,35,0,86,15,0,2,0,6,7,2,0,0,6.12,85,-0.5,-0.02,0.52,,0.0044
404832,Piero Hincapie,Arsenal,Sub,https://images.fotmob.com/image_resources/playerimages/1137667.png,2,0,42,0,0,0,0,6.2,0.0,0.0,0,0.0,0,3,0,0,0,16,15,0,27,1,0,0,0,0,2,0,0,0,6.1,94,0.0,0.0,0.0,,-0.003
136776,Matt Targett,Hull City,Sub,https://images.fotmob.com/image_resources/playerimages/538112.png,1,0,12,0,0,0,0,6.1,0.0,0.0,0,0.0,0,1,0,0,0,5,5,0,7,0,0,0,0,0,0,0,0,0,6.1,100,0.0,0.0,0.0,,0.1796
244565,Paddy McNair,Hull City,Sub,https://images.fotmob.com/image_resources/playerimages/575780.png,1,0,33,0,0,0,0,6.1,0.0,0.0,0,0.0,0,0,0,0,0,4,3,0,7,0,0,0,0,0,2,0,0,0,6.1,75,0.0,0.0,0.0,,
349932,Noussair Mazraoui,Manchester United,DR,https://images.fotmob.com/image_resources/playerimages/775539.png,3,1,111,0,0,0,0,6.4,0.05,0.04,0,0.0,0,21,0,1,0,90,85,2,121,2,0,2,0,1,3,0,0,0,6.1,94,-0.05,-0.04,0.09,,0.0909
328096,Jean-Philippe Mateta,Crystal Palace,FW,https://images.fotmob.com/image_resources/playerimages/706297.png,1,1,62,0,0,0,0,6.1,0.95,0.01,0,0.0,0,2,0,2,0,12,9,1,21,2,0,1,0,2,1,1,0,0,6.1,75,-0.95,-0.01,0.96,,0.0097
381161,Jacob Greaves,Ipswich Town,DC,https://images.fotmob.com/image_resources/playerimages/1079103.png,4,4,374,0,0,1,0,6.8,0.0,0.06,0,0.0,0,18,0,0,0,200,179,1,244,6,2,7,0,2,18,0,0,0,6.1,90,0.0,-0.06,0.06,,0.0347
426913,Sindre Egeli,Ipswich Town,Sub,https://images.fotmob.com/image_resources/playerimages/1307961.png,1,0,15,0,0,0,0,6.1,0.0,0.0,0,0.0,0,0,0,0,0,1,1,0,2,0,0,0,0,1,0,0,0,0,6.1,100,0.0,0.0,0.0,,
136459,Dominic Solanke,Tottenham Hotspur,Sub,https://images.fotmob.com/image_resources/playerimages/591734.png,5,2,186,0,0,0,0,6.5,0.57,0.0,0,0.0,0,2,0,5,1,30,28,1,61,2,0,2,0,2,2,6,0,0,6.1,93,-0.57,0.0,0.57,,0.0004
623567,Zadok Yohanna,Brighton & Hove Albion,Sub,https://images.fotmob.com/image_resources/playerimages/1782648.png,1,0,18,0,0,0,0,6.1,0.0,0.02,0,0.0,0,2,0,0,0,5,5,0,11,0,0,0,1,1,0,1,0,0,6.1,100,0.0,-0.02,0.02,,0.0782
408946,Lamare Bogarde,Aston Villa,Sub,https://images.fotmob.com/image_resources/playerimages/1190033.png,1,0,22,0,0,0,0,6.1,0.0,0.0,0,0.0,0,1,0,0,0,2,2,0,4,0,0,1,0,0,1,0,0,0,6.1,100,0.0,0.0,0.0,,0.0142
430350,Ben Gannon-Doak,AFC Bournemouth,Sub,https://images.fotmob.com/image_resources/playerimages/1324871.png,3,0,29,0,0,0,0,6.3,0.16,0.05,0,0.0,0,7,1,3,0,14,12,0,24,2,0,0,1,0,0,1,0,0,6.1,86,-0.16,-0.05,0.21,,0.1089
548566,Rio Ngumoha,Liverpool,AMR,https://images.fotmob.com/image_resources/playerimages/1597668.png,3,1,110,0,0,0,0,6.3,0.38,0.05,0,0.0,0,8,0,2,0,26,22,0,49,1,0,0,2,2,1,2,0,0,6.1,85,-0.38,-0.05,0.43,,-0.064
492374,Lewis Koumas,Liverpool,Sub,https://images.fotmob.com/image_resources/playerimages/1364042.png,2,0,27,0,0,0,0,6.2,0.04,0.0,0,0.0,0,1,0,1,0,3,2,0,5,0,0,0,1,0,0,0,0,0,6.1,67,-0.04,0.0,0.04,,0.0572
410175,Moises Caicedo,Chelsea,Sub,https://images.fotmob.com/image_resources/playerimages/1137668.png,1,0,28,0,0,0,0,6.1,0.0,0.0,0,0.0,0,0,0,0,0,2,2,0,2,0,0,0,0,0,0,0,0,0,6.1,100,0.0,0.0,0.0,,
450254,Romaine Mundle,Sunderland,Sub,https://images.fotmob.com/image_resources/playerimages/1123947.png,1,0,5,0,0,0,0,6.1,0.2,0.0,0,0.0,0,0,0,1,1,3,2,0,7,0,0,0,0,0,0,0,0,0,6.1,67,-0.2,0.0,0.2,,
363686,Emile Smith Rowe,Fulham,Sub,https://images.fotmob.com/image_resources/playerimages/889534.png,3,0,53,0,0,0,0,6.2,0.08,0.01,0,0.0,0,10,0,1,0,27,23,2,36,0,1,0,0,0,0,1,0,0,6.1,85,-0.08,-0.01,0.09,,0.0
362815,Viktor Gyokeres,Arsenal,Sub,https://images.fotmob.com/image_resources/playerimages/664500.png,2,0,41,0,0,0,0,6.2,0.0,0.17,0,0.0,0,3,0,0,0,8,6,1,13,0,0,0,0,4,0,0,0,0,6.1,75,0.0,-0.17,0.17,,0.0736
445248,Dario Osorio,Crystal Palace,Sub,https://images.fotmob.com/image_resources/playerimages/1329007.png,1,0,6,0,0,0,0,6.1,0.0,0.0,0,0.0,0,0,0,0,0,2,1,0,4,1,0,0,0,0,0,0,0,0,6.1,50,0.0,0.0,0.0,,
431573,Brooke Norton-Cuffy,Hull City,Sub,https://images.fotmob.com/image_resources/playerimages/1214915.png,2,0,45,0,0,1,0,6.1,0.04,0.0,0,0.0,0,2,1,1,0,8,7,0,19,0,0,0,1,1,1,0,0,0,6.1,88,-0.04,0.0,0.04,,0.0399
415174,Tino Livramento,Newcastle United,Sub,https://images.fotmob.com/image_resources/playerimages/1107910.png,2,0,44,0,0,1,0,6.2,0.0,0.0,0,0.0,0,4,0,0,0,19,15,0,29,2,0,0,0,1,1,0,0,0,6.1,79,0.0,0.0,0.0,,-0.0196
369712,Florentino,Ipswich Town,Sub,https://images.fotmob.com/image_resources/playerimages/793255.png,2,0,45,0,0,0,0,6.6,0.0,0.01,0,0.0,0,4,0,0,0,28,20,2,36,1,1,0,1,1,0,1,0,0,6.1,71,0.0,-0.01,0.01,,-0.0094
383956,Joshua Zirkzee,Manchester United,Sub,https://images.fotmob.com/image_resources/playerimages/950830.png,1,0,13,0,0,0,0,6.1,0.0,0.0,0,0.0,0,0,0,0,0,7,5,0,9,0,0,0,0,0,1,0,0,0,6.1,71,0.0,0.0,0.0,,
424495,Jake O'Brien,Everton,Sub,https://images.fotmob.com/image_resources/playerimages/1098607.png,2,0,27,0,0,0,0,6.1,0.0,0.0,0,0.0,0,0,0,0,0,3,2,0,6,0,0,0,0,0,2,0,0,0,6.1,67,0.0,0.0,0.0,,
423518,Michael Svoboda,Brighton & Hove Albion,Sub,,1,0,11,0,0,0,0,6.1,0.0,0.0,0,0.0,0,0,0,0,0,2,2,0,4,1,0,0,0,0,0,0,0,0,6.1,100,0.0,0.0,0.0,,
571994,Max Dowman,Arsenal,Sub,,1,0,16,0,0,0,0,6.1,0.0,0.05,0,0.0,0,3,0,0,0,3,3,1,5,0,0,0,0,0,0,1,0,0,6.1,100,0.0,-0.05,0.05,,0.3321
73380,Chris Wood,Nottingham Forest,Sub,https://images.fotmob.com/image_resources/playerimages/169719.png,4,0,84,0,0,0,0,6.2,0.08,0.01,0,0.0,0,1,0,1,0,14,9,0,19,0,0,4,1,0,0,0,0,0,6.08,64,-0.08,-0.01,0.09,,0.0293
510728,Estevao,Chelsea,Sub,https://images.fotmob.com/image_resources/playerimages/1580774.png,4,0,47,0,0,0,0,6.3,0.07,0.07,0,0.0,0,4,0,2,2,16,12,0,24,2,0,0,0,0,0,0,0,0,6.08,75,-0.07,-0.07,0.14,,0.0005
134115,Callum Wilson,Brentford,Sub,https://images.fotmob.com/image_resources/playerimages/184321.png,3,0,29,0,0,0,0,6.2,0.08,0.03,0,0.0,0,1,0,2,0,3,2,1,10,1,0,2,0,1,1,1,0,0,6.07,67,-0.08,-0.03,0.11,,0.0863
437022,Alejandro Garnacho,Aston Villa,Sub,https://images.fotmob.com/image_resources/playerimages/1203665.png,3,0,51,0,0,0,0,6.2,0.0,0.0,0,0.0,0,5,1,0,0,16,15,0,22,0,0,0,1,0,0,2,0,0,6.07,94,0.0,0.0,0.0,,-0.0716
429174,Kevin,Fulham,Sub,https://images.fotmob.com/image_resources/playerimages/1318400.png,3,0,57,0,0,0,0,6.1,0.03,0.07,0,0.0,0,6,0,1,0,21,18,0,38,5,0,0,1,3,0,1,0,0,6.07,86,-0.03,-0.07,0.1,,0.338
100008,Victor Lindelof,Aston Villa,DC,https://images.fotmob.com/image_resources/playerimages/258269.png,5,5,481,0,0,0,0,7.0,0.61,0.15,0,0.0,0,33,0,1,1,276,255,3,308,2,1,2,0,1,18,1,0,0,6.06,92,-0.61,-0.15,0.76,,0.0745
380546,Beto,Everton,Sub,https://images.fotmob.com/image_resources/playerimages/1079485.png,2,0,44,0,0,0,0,6.1,0.12,0.0,0,0.0,0,1,0,2,0,6,4,0,14,0,0,1,0,0,0,1,0,0,6.05,67,-0.12,0.0,0.12,,0.002
397469,Oscar Mingueza,Crystal Palace,Sub,https://images.fotmob.com/image_resources/playerimages/952095.png,2,0,27,0,0,0,0,6.1,0.0,0.0,0,0.0,0,2,0,0,0,5,3,0,14,3,0,0,0,1,0,0,0,0,6.05,60,0.0,0.0,0.0,,0.0924
443796,Hugo Larsson,Fulham,Sub,https://images.fotmob.com/image_resources/playerimages/1339269.png,2,0,34,0,0,0,0,6.1,0.1,0.17,0,0.0,0,4,0,1,0,20,17,0,24,2,0,0,0,0,0,0,0,0,6.05,85,-0.1,-0.17,0.27,,0.1401
108638,Will Hughes,Crystal Palace,Sub,https://images.fotmob.com/image_resources/playerimages/295067.png,2,0,40,0,0,0,0,6.2,0.0,0.04,0,0.0,0,2,0,0,0,11,8,1,22,1,0,0,0,0,3,0,0,0,6.05,73,0.0,-0.04,0.04,,0.0139
535536,Ibrahim Mbaye,Aston Villa,Sub,https://images.fotmob.com/image_resources/playerimages/1593857.png,2,0,49,0,0,0,0,6.4,0.02,0.17,0,0.0,0,3,0,1,1,10,8,1,19,2,0,0,0,2,0,2,0,0,6.05,80,-0.02,-0.17,0.19,,0.1505
388650,Jurrien Timber,Arsenal,Sub,https://images.fotmob.com/image_resources/playerimages/942381.png,2,1,112,0,0,0,0,6.4,0.0,0.0,0,0.0,0,11,0,0,0,38,32,0,65,3,0,0,0,1,2,0,0,0,6.05,84,0.0,0.0,0.0,,0.1419
409424,Victor Torp,Coventry City,Sub,https://images.fotmob.com/image_resources/playerimages/845985.png,3,0,71,0,0,0,0,6.4,0.0,0.11,0,0.0,0,8,0,0,0,30,27,1,43,1,1,0,0,1,0,1,0,0,6.03,90,0.0,-0.11,0.11,,0.1135
394888,Luca Netz,Nottingham Forest,Sub,https://images.fotmob.com/image_resources/playerimages/1155130.png,3,0,44,0,0,0,0,6.1,0.0,0.01,0,0.0,0,6,0,0,0,18,15,1,27,2,0,0,0,1,0,0,0,0,6.03,83,0.0,-0.01,0.01,,0.1949
317506,Tammy Abraham,Aston Villa,Sub,https://images.fotmob.com/image_resources/playerimages/749661.png,4,0,100,0,0,0,0,6.1,0.0,0.0,0,0.0,0,0,1,0,0,18,12,0,24,1,0,2,1,0,0,0,0,0,6.03,67,0.0,0.0,0.0,,0.0
563779,Shea Lacey,Manchester United,Sub,https://images.fotmob.com/image_resources/playerimages/1436260.png,1,0,17,0,0,0,0,6.0,0.0,0.0,0,0.0,0,3,0,0,0,5,4,0,7,0,0,0,0,0,0,0,0,0,6.0,80,0.0,0.0,0.0,,-0.0197
384005,Arnaud Kalimuendo,Nottingham Forest,Sub,,1,0,1,0,0,0,0,6.0,0.0,0.0,0,0.0,0,0,0,0,0,0,0,0,0,0,0,0,0,0,0,0,0,0,6.0,,0.0,0.0,0.0,,
342811,Sean Longstaff,Leeds United,Sub,https://images.fotmob.com/image_resources/playerimages/820024.png,2,0,19,0,0,0,0,6.1,0.0,0.0,0,0.0,0,1,0,0,0,3,3,0,5,0,0,0,0,0,0,0,0,0,6.0,100,0.0,0.0,0.0,,0.0059
83824,Marco Bizot,Aston Villa,GK,https://images.fotmob.com/image_resources/playerimages/195782.png,1,1,95,0,0,0,0,6.0,0.0,0.0,9,3.08,3,6,0,0,0,29,18,0,38,0,0,0,0,0,2,0,3,0,6.0,62,0.0,0.0,0.0,0.08,0.1129
444791,Rico Lewis,Manchester City,DR,https://images.fotmob.com/image_resources/playerimages/1288450.png,1,1,56,0,0,0,0,6.0,0.2,0.0,0,0.0,0,6,0,1,1,26,24,0,45,1,2,1,0,1,0,4,0,0,6.0,92,-0.2,0.0,0.2,,-0.0524
415163,Daniel Jebbison,AFC Bournemouth,Sub,https://images.fotmob.com/image_resources/playerimages/1253827.png,2,0,29,0,0,0,0,6.0,0.03,0.0,0,0.0,0,2,0,1,1,5,5,0,11,0,0,0,0,0,0,0,0,0,6.0,100,-0.03,0.0,0.03,,0.0003
460772,Alvaro Rodriguez,AFC Bournemouth,Sub,https://images.fotmob.com/image_resources/playerimages/1327406.png,2,0,19,0,0,0,0,6.0,0.0,0.0,0,0.0,0,0,0,0,0,6,5,0,10,0,0,0,1,1,0,0,0,0,6.0,83,0.0,0.0,0.0,,
478314,Vitor Reis,Manchester City,Sub,https://images.fotmob.com/image_resources/playerimages/1580952.png,1,0,7,0,0,0,0,6.0,0.0,0.0,0,0.0,0,2,0,0,0,13,13,0,15,0,0,0,0,0,0,0,0,0,6.0,100,0.0,0.0,0.0,,0.0798
540462,Kaden Braithwaite,Manchester City,Sub,https://images.fotmob.com/image_resources/playerimages/1682403.png,1,0,7,0,0,0,0,6.0,0.0,0.0,0,0.0,0,2,0,0,0,10,10,0,10,0,0,0,0,0,0,0,0,0,6.0,100,0.0,0.0,0.0,,-0.0224
229562,Rico Henry,Brentford,Sub,https://images.fotmob.com/image_resources/playerimages/562892.png,1,0,6,0,0,0,0,6.0,0.0,0.0,0,0.0,0,0,0,0,0,1,0,0,2,0,0,0,0,0,0,0,0,0,6.0,0,0.0,0.0,0.0,,
334653,Nicolas Dominguez,Nottingham Forest,Sub,https://images.fotmob.com/image_resources/playerimages/827315.png,1,0,4,0,0,0,0,6.0,0.0,0.0,0,0.0,0,0,0,0,0,2,1,0,3,0,0,0,0,0,0,1,0,0,6.0,50,0.0,0.0,0.0,,
438102,Malick Fofana,Sunderland,Sub,https://images.fotmob.com/image_resources/playerimages/1364069.png,2,0,46,0,0,0,0,6.2,0.0,0.0,0,0.0,0,2,0,0,0,8,8,0,17,0,0,0,1,2,0,2,0,0,6.0,100,0.0,0.0,0.0,,0.1009
462243,Jens Hjert-Dahl,Hull City,Sub,https://images.fotmob.com/image_resources/playerimages/1377949.png,1,0,12,0,0,0,0,6.0,0.0,0.0,0,0.0,0,0,0,0,0,2,1,0,3,1,0,0,0,0,0,0,0,0,6.0,50,0.0,0.0,0.0,,
409376,Mykhailo Mudryk,Tottenham Hotspur,Sub,https://images.fotmob.com/image_resources/playerimages/976506.png,1,0,22,0,0,0,0,6.0,0.0,0.0,0,0.0,0,0,0,0,0,2,1,0,5,0,0,0,0,1,0,0,0,0,6.0,50,0.0,0.0,0.0,,
133464,Jefferson Lerma,Crystal Palace,Sub,https://images.fotmob.com/image_resources/playerimages/466672.png,1,0,12,0,0,0,0,6.0,0.0,0.0,0,0.0,0,0,0,0,0,2,1,0,6,0,0,1,0,0,1,0,0,0,6.0,50,0.0,0.0,0.0,,
145996,Kenny Tete,Fulham,Sub,https://images.fotmob.com/image_resources/playerimages/469804.png,1,0,32,0,0,1,0,6.0,0.0,0.0,0,0.0,0,1,0,0,0,7,5,0,14,0,0,0,0,2,3,0,0,0,6.0,71,0.0,0.0,0.0,,0.013
332143,Gustavo Hamer,Coventry City,Sub,https://images.fotmob.com/image_resources/playerimages/775355.png,3,0,49,0,0,0,0,6.1,0.0,0.01,0,0.0,0,6,0,0,0,21,17,0,26,1,0,1,0,3,0,1,0,0,5.97,81,0.0,-0.01,0.01,,0.0642
531676,Jaydee Canvot,Crystal Palace,DC,https://images.fotmob.com/image_resources/playerimages/1664722.png,3,3,286,0,0,0,0,6.2,0.05,0.0,0,0.0,0,15,0,1,0,186,166,0,224,11,3,5,0,0,10,1,0,0,5.97,89,-0.05,0.0,0.05,,0.0488
382587,Evann Guessand,Crystal Palace,Sub,https://images.fotmob.com/image_resources/playerimages/1087966.png,2,0,68,0,0,0,0,6.1,0.06,0.01,0,0.0,0,1,0,1,1,15,14,0,27,2,0,0,0,2,1,2,0,0,5.95,93,-0.06,-0.01,0.07,,-0.0045
469645,Chris Rigg,Sunderland,Sub,https://images.fotmob.com/image_resources/playerimages/1327319.png,2,0,27,0,0,0,0,6.0,0.0,0.0,0,0.0,0,1,0,0,0,4,2,0,5,1,0,0,0,0,0,0,0,0,5.95,50,0.0,0.0,0.0,,-0.0224
511691,Robinio Vaz,Hull City,Sub,https://images.fotmob.com/image_resources/playerimages/1705134.png,2,0,34,0,0,0,0,6.0,0.0,0.01,0,0.0,0,2,0,0,0,10,8,1,20,0,0,0,0,1,0,2,0,0,5.95,80,0.0,-0.01,0.01,,-0.0114
295084,David Brooks,AFC Bournemouth,Sub,https://images.fotmob.com/image_resources/playerimages/674014.png,3,0,48,0,0,1,0,6.0,0.0,0.0,0,0.0,0,5,0,0,0,12,9,0,21,0,0,0,0,3,1,0,0,0,5.93,75,0.0,0.0,0.0,,0.0235
281049,Taiwo Awoniyi,Coventry City,Sub,https://images.fotmob.com/image_resources/playerimages/643717.png,4,3,286,0,0,0,1,6.4,1.09,0.04,0,0.0,0,2,2,6,2,38,31,4,70,2,1,2,4,3,2,1,0,0,5.9,82,-1.09,-0.04,1.13,,0.0117
517341,Ayden Heaven,Manchester United,DC,https://images.fotmob.com/image_resources/playerimages/1559639.png,1,1,96,0,0,0,0,5.9,0.08,0.02,0,0.0,0,11,0,2,0,67,61,0,76,1,0,2,0,1,1,1,0,0,5.9,91,-0.08,-0.02,0.1,,0.1012
357427,Dwight McNeil,Crystal Palace,AMC,https://images.fotmob.com/image_resources/playerimages/939542.png,2,1,90,0,0,0,0,5.9,0.06,0.02,0,0.0,0,5,0,1,0,35,29,0,46,2,1,0,0,1,2,2,0,0,5.9,83,-0.06,-0.02,0.08,,0.0249
476166,Alex Toth,AFC Bournemouth,Sub,https://images.fotmob.com/image_resources/playerimages/1449690.png,1,0,21,0,0,0,0,5.9,0.0,0.0,0,0.0,0,1,0,0,0,13,12,0,17,1,0,0,0,0,0,0,0,0,5.9,92,0.0,0.0,0.0,,0.0537
362151,Robert Sanchez,Chelsea,GK,https://images.fotmob.com/image_resources/playerimages/789571.png,1,1,94,0,0,0,0,5.9,0.0,0.02,11,0.88,2,8,0,0,0,29,13,0,39,0,0,0,0,0,1,0,4,0,5.9,45,0.0,-0.02,0.02,-1.12,0.1824
509068,Geovany Quenda,Chelsea,Sub,https://images.fotmob.com/image_resources/playerimages/1530314.png,2,0,39,0,0,0,0,6.0,0.05,0.0,0,0.0,0,1,0,1,0,15,12,0,20,0,0,0,0,0,1,0,0,0,5.9,80,-0.05,0.0,0.05,,0.0197
350088,Callum Hudson-Odoi,Nottingham Forest,Sub,https://images.fotmob.com/image_resources/playerimages/846383.png,1,0,4,0,0,0,0,5.9,0.0,0.0,0,0.0,0,1,0,0,0,2,2,0,5,0,0,0,0,1,0,1,0,0,5.9,100,0.0,0.0,0.0,,-0.0342
511378,Sidiki Cherif,Coventry City,Sub,https://images.fotmob.com/image_resources/playerimages/1524069.png,1,0,37,0,0,0,0,5.9,0.0,0.0,0,0.0,0,0,0,0,0,4,4,0,12,0,1,2,0,0,0,0,0,0,5.9,100,0.0,0.0,0.0,,
366114,Sorba Thomas,Hull City,Sub,https://images.fotmob.com/image_resources/playerimages/812982.png,3,1,130,0,0,0,0,6.2,0.16,0.09,0,0.0,0,6,1,3,0,34,26,3,63,1,0,0,2,1,0,5,0,0,5.87,76,-0.16,-0.09,0.25,,0.0997
532188,Promise David,Brighton & Hove Albion,Sub,https://images.fotmob.com/image_resources/playerimages/1252132.png,2,0,34,0,0,1,0,6.1,0.37,0.0,0,0.0,0,0,0,1,0,5,5,0,10,0,0,0,0,2,0,0,0,0,5.85,100,-0.37,0.0,0.37,,
505602,Zavier Gozo,Crystal Palace,Sub,https://images.fotmob.com/image_resources/playerimages/1455818.png,2,0,40,0,0,0,0,5.9,0.0,0.0,0,0.0,0,0,0,0,0,5,4,0,14,3,0,0,0,1,0,1,0,0,5.85,80,0.0,0.0,0.0,,
505295,Lucas Bergvall,Tottenham Hotspur,DMC,https://images.fotmob.com/image_resources/playerimages/1386775.png,3,1,91,0,0,0,0,6.5,0.06,0.16,0,0.0,0,9,0,1,1,51,44,0,66,4,0,0,1,1,1,1,0,0,5.83,86,-0.06,-0.16,0.22,,0.1169
476110,Chemsdine Talbi,Sunderland,Sub,https://images.fotmob.com/image_resources/playerimages/1368654.png,1,0,36,0,0,0,0,5.8,0.0,0.0,0,0.0,0,2,0,0,0,11,9,0,16,1,0,0,0,1,0,1,0,0,5.8,82,0.0,0.0,0.0,,0.0195
317804,Richarlison,Tottenham Hotspur,FW,https://images.fotmob.com/image_resources/playerimages/654908.png,1,1,67,0,0,0,0,5.8,0.0,0.0,0,0.0,0,0,0,0,0,9,8,0,18,1,0,0,1,2,1,1,0,0,5.8,89,0.0,0.0,0.0,,
403693,Joao Gomes,Aston Villa,DMC,https://images.fotmob.com/image_resources/playerimages/1174672.png,2,2,193,0,0,1,1,7.4,0.0,0.01,0,0.0,0,6,3,0,0,40,38,2,73,11,3,0,3,5,2,3,0,0,5.8,95,0.0,-0.01,0.01,,0.0632
344259,Pau Torres,Aston Villa,DC,https://images.fotmob.com/image_resources/playerimages/792645.png,3,3,196,0,0,0,0,6.5,0.0,0.0,0,0.0,0,15,0,0,0,104,84,0,121,3,1,2,0,2,7,0,0,0,5.63,81,0.0,0.0,0.0,,0.0943
134373,Luke O'Nien,Sunderland,DC,https://images.fotmob.com/image_resources/playerimages/480253.png,1,1,66,0,0,1,0,5.4,0.02,0.0,0,0.0,0,5,0,1,0,55,48,0,70,3,0,0,1,2,3,0,0,0,5.4,87,-0.02,0.0,0.02,,0.0576
344639,Omar Alderete,Sunderland,Sub,https://images.fotmob.com/image_resources/playerimages/751998.png,1,0,28,0,0,0,0,5.2,0.0,0.0,0,0.0,0,5,0,0,0,37,34,0,38,0,0,1,0,0,0,0,0,0,5.2,92,0.0,0.0,0.0,,0.1394
