pid,name,team,pos,mp,starts,mins,g,a,yc,rc,rating_best,xg,xa,shots,sot,passes,passAcc,keyPasses,touches,tackles,interceptions,aerials,dribbles,fouls,clearances,dispossessed,saves,ga,rating,pass_pct,xg_diff,xa_diff,xgi
315227,Erling Haaland,Manchester City,FW,35,34,3127,27,6,2,0,9.8,25.44,2.75,126,59,384,252,25,782,21,5,73,17,24,42,23,0,33,7.54,66,1.56,3.25,28.19
123761,Bruno Fernandes,Manchester United,MC,35,35,3264,9,20,5,0,9.5,11.55,9.84,85,24,1994,1639,136,2652,93,20,21,15,25,42,30,0,29,7.49,82,-2.55,10.16,21.39
443784,Igor Thiago,Brentford,FW,38,37,3495,22,1,7,0,9.8,20.88,2.01,84,43,630,436,24,1216,53,12,112,29,73,64,42,0,23,7.09,69,1.12,-1.01,22.89
357073,Antoine Semenyo,AFC Bournemouth,MR,37,37,3388,17,2,7,0,8.8,11.61,3.01,83,41,936,749,39,1709,65,13,59,59,56,29,63,0,19,7.13,80,5.39,-1.01,14.62
322596,Jarrod Bowen,West Ham United,FW,38,38,3608,9,10,5,0,9.2,6.6,4.73,79,28,792,585,45,1627,76,27,33,53,19,39,77,0,19,7.04,74,2.4,5.27,11.33
332867,Morgan Gibbs-White,Nottingham Forest,AMC,37,35,3258,15,3,1,0,9.3,11.03,2.93,83,32,1208,980,49,1750,42,13,41,30,26,32,37,0,18,6.86,81,3.97,0.07,13.96
148503,Ollie Watkins,Aston Villa,FW,37,33,2945,16,1,4,0,9.0,16.45,1.56,83,38,476,346,23,890,26,6,36,26,35,15,43,0,17,6.85,73,-0.45,-0.56,18.01
373525,Joao Pedro,Chelsea,FW,35,31,2789,15,2,5,0,9.4,14.08,1.73,73,28,693,522,29,1257,31,7,74,40,38,27,55,0,17,7.09,75,0.92,0.27,15.81
141469,Dominic Calvert-Lewin,Leeds United,Sub,35,30,2895,14,1,3,0,8.6,17.35,0.96,74,34,460,269,20,894,14,4,128,8,45,36,29,0,15,6.85,58,-3.35,0.04,18.31
362815,Viktor Gyokeres,Arsenal,FW,36,26,2371,14,1,5,0,9.1,12.54,1.71,55,22,319,199,20,655,15,1,30,7,35,19,25,0,15,6.64,62,1.46,-0.71,14.25
333044,Harry Wilson,Fulham,AMR,36,32,2759,10,5,7,0,8.9,5.39,4.14,78,25,777,631,39,1271,53,15,5,18,13,48,23,0,15,6.9,81,4.61,0.86,9.53
39308,Danny Welbeck,Brighton & Hove Albion,Sub,37,26,2378,13,1,5,0,8.7,11.34,1.1,56,28,486,386,20,784,37,9,19,11,30,30,20,0,14,6.6,79,1.66,-0.1,12.44
403784,Hugo Ekitike,Liverpool,FW,28,21,1910,11,3,0,0,8.9,10.29,2.38,65,19,400,307,21,749,14,3,31,38,35,27,26,0,14,6.92,77,0.71,0.62,12.67
353377,Bryan Mbeumo,Manchester United,AMC,33,31,2715,11,3,4,0,9.2,11.65,5.14,73,32,796,629,47,1331,39,8,15,18,23,14,29,0,14,6.88,79,-0.65,-2.14,16.79
362824,Morgan Rogers,Aston Villa,AML,37,37,3478,10,4,7,0,8.9,6.42,3.89,84,32,1068,797,47,1816,65,13,26,42,46,32,80,0,14,6.85,75,3.58,0.11,10.31
108226,Mohamed Salah,Liverpool,AMR,27,23,2303,7,7,1,0,7.9,8.32,4.87,68,19,793,610,49,1324,26,4,8,19,10,7,50,0,14,6.76,77,-1.32,2.13,13.19
386153,Rayan Cherki,Manchester City,Sub,33,19,1914,4,10,1,0,9.1,4.16,6.87,55,13,1277,1104,60,1766,45,7,1,51,17,7,34,0,14,7.04,86,-0.16,3.13,11.03
479170,Junior Kroupi,AFC Bournemouth,Sub,33,21,1755,13,0,5,0,8.0,8.55,1.42,52,22,467,355,22,745,17,9,8,15,27,33,20,0,13,6.65,76,4.45,-1.42,9.97
317804,Richarlison,Tottenham Hotspur,FW,32,20,2138,11,2,5,0,9.2,7.71,1.53,61,26,317,197,20,728,39,5,69,12,23,51,30,0,13,6.8,62,3.29,0.47,9.24
369430,Enzo Fernandez,Chelsea,DMC,36,35,3314,10,3,10,0,8.6,10.82,5.58,72,31,2040,1755,68,2615,89,21,26,13,36,28,41,0,13,6.96,86,-0.82,-2.58,16.4
338780,Bruno Guimaraes,Newcastle United,MC,29,27,2630,9,4,6,0,8.7,6.05,3.82,42,23,1451,1250,45,2041,88,15,13,18,45,36,46,0,13,7.14,86,2.95,0.18,9.87
369875,Dominik Szoboszlai,Liverpool,DMC,36,36,3490,6,7,8,1,8.4,5.33,5.52,71,23,2187,1919,78,3001,95,30,19,26,41,58,27,0,13,7.15,88,0.67,1.48,10.85
328096,Jean-Philippe Mateta,Crystal Palace,FW,32,25,2343,12,0,2,0,9.6,14.56,1.17,63,32,315,196,9,684,19,6,67,14,21,46,41,0,12,6.67,62,-2.56,-1.17,15.73
424191,Benjamin Sesko,Manchester United,Sub,30,17,1792,11,1,2,0,9.2,10.48,0.21,61,34,306,211,9,556,8,3,64,10,17,15,30,0,12,6.76,69,0.52,0.79,10.69
362758,Matheus Cunha,Manchester United,FW,33,29,2631,10,2,4,0,8.8,7.23,3.13,90,35,880,708,34,1521,57,21,28,44,27,22,53,0,12,7.11,80,2.77,-1.13,10.36
108186,Raul Jimenez,Fulham,FW,36,27,2311,9,3,5,0,8.3,10.07,1.0,74,19,518,329,25,929,54,8,85,10,46,30,28,0,12,6.69,64,-1.07,2.0,11.07
391256,Kiernan Dewsbury-Hall,Everton,AMC,31,30,2749,8,4,6,0,8.6,3.8,4.47,39,15,1026,846,37,1582,71,12,21,27,32,28,49,0,12,6.95,82,4.2,-0.47,8.27
113994,Leandro Trossard,Arsenal,Sub,31,21,2108,6,6,2,0,8.9,5.18,2.74,53,15,757,583,36,1209,45,9,6,25,13,14,39,0,12,6.88,77,0.82,3.26,7.92
361694,Zian Flemming,Burnley,Sub,29,21,1869,11,0,5,0,9.4,8.81,0.47,53,21,277,180,10,589,22,7,68,4,50,37,17,0,11,6.64,65,2.19,-0.47,9.28
395692,Cole Palmer,Chelsea,AMC,26,24,2060,10,1,5,0,8.5,11.01,2.38,64,25,820,703,24,1233,35,15,0,22,13,12,35,0,11,6.72,86,-1.01,-1.38,13.39
367185,Bukayo Saka,Arsenal,FWR,31,25,2362,7,4,2,0,9.1,7.52,6.61,71,27,773,593,61,1399,57,16,22,50,33,11,32,0,11,7.25,77,-0.52,-2.61,14.13
344314,Marcus Tavernier,AFC Bournemouth,MC,34,31,2851,7,4,6,0,8.1,8.07,4.57,70,24,1128,943,54,1796,61,17,24,39,30,39,44,0,11,6.92,84,-1.07,-0.57,12.64
352825,Cody Gakpo,Liverpool,AML,36,32,2873,7,4,3,0,8.6,8.86,4.34,87,21,750,589,54,1330,42,13,56,34,42,21,28,0,11,6.9,79,-1.86,-0.34,13.2
88526,Casemiro,Manchester United,MC,34,33,2702,9,1,11,1,9.0,5.04,2.35,52,18,1600,1301,36,2128,140,31,57,6,46,73,13,0,10,7.09,81,3.96,-1.35,7.39
322670,Ismaila Sarr,Crystal Palace,AMC,28,24,2318,9,1,2,0,8.4,10.23,1.14,48,21,474,338,19,876,28,8,24,11,12,28,43,0,10,6.64,71,-1.23,-0.14,11.37
407260,Kevin Schade,Brentford,Sub,35,32,2933,8,2,6,1,9.8,10.9,2.26,57,24,527,357,28,1100,50,18,87,20,50,31,45,0,10,6.78,68,-2.9,-0.26,13.16
386606,Nick Woltemade,Newcastle United,FW,33,24,1997,8,2,0,0,8.1,6.42,1.38,32,13,384,293,22,681,35,5,35,13,20,21,42,0,10,6.6,76,1.58,0.62,7.8
400610,Jaidon Anthony,Burnley,ML,37,32,2859,8,2,4,0,8.2,4.72,2.56,55,23,896,716,37,1552,71,15,12,36,28,27,41,0,10,6.59,80,3.28,-0.56,7.28
331254,Phil Foden,Manchester City,Sub,33,23,2230,7,3,4,0,9.4,5.72,4.46,55,19,1210,1067,54,1667,48,9,6,25,18,12,33,0,10,7.01,88,1.28,-1.46,10.18
422183,Dango Ouattara,Brentford,AMR,32,25,2405,7,3,5,0,8.4,8.53,3.81,56,20,485,306,27,1093,42,24,52,23,27,52,31,0,10,6.83,63,-1.53,-0.81,12.34
388098,Jeremy Doku,Manchester City,FWL,30,19,1883,5,5,0,0,9.9,3.19,5.92,39,15,772,640,59,1339,33,13,4,84,23,2,49,0,10,7.25,83,1.81,-0.92,9.11
398393,Enzo Le Fee,Sunderland,Sub,36,33,3123,5,5,5,0,8.0,4.98,4.9,36,12,1113,906,53,1754,128,29,18,13,31,36,31,0,10,6.81,81,0.02,0.1,9.88
380546,Beto,Everton,FW,37,17,1697,9,0,3,0,9.0,9.37,0.25,43,17,208,129,12,564,18,1,92,14,33,43,30,0,9,6.55,62,-0.37,-0.25,9.62
332403,Eberechi Eze,Crystal Palace,AMC,33,22,2000,7,2,1,0,10.0,4.72,2.02,63,20,666,565,16,977,26,11,10,29,16,10,24,0,9,6.77,85,2.28,-0.02,6.74
366116,Iliman Ndiaye,Everton,AML,32,32,2931,6,3,2,0,8.1,5.97,3.58,43,22,941,790,30,1587,97,16,11,73,30,19,64,0,9,7.02,84,0.03,-0.58,9.55
397497,Igor Jesus,Nottingham Forest,Sub,37,28,2383,6,3,2,0,8.2,6.08,1.35,70,21,458,333,15,887,32,3,81,11,42,30,43,0,9,6.6,73,-0.08,1.65,7.43
376090,Noah Okafor,Leeds United,Sub,28,19,1632,8,0,3,0,8.3,5.44,1.52,35,15,332,253,20,713,36,12,12,39,18,16,31,0,8,6.74,76,2.56,-1.52,6.96
537713,Thierno Barry,Everton,Sub,38,21,2037,8,0,3,0,7.9,7.9,0.4,38,14,362,219,12,678,16,5,130,9,47,25,23,0,8,6.44,60,0.1,-0.4,8.3
331382,Harvey Barnes,Newcastle United,FWL,37,19,2144,7,1,1,0,8.8,6.82,2.19,58,21,585,472,23,951,27,3,7,13,17,16,24,0,8,6.46,81,0.18,-1.19,9.01
404568,Brian Brobbey,Sunderland,Sub,31,22,2030,7,1,6,0,7.8,6.43,0.8,36,18,275,198,15,543,13,0,65,2,32,15,29,0,8,6.45,72,0.57,0.2,7.23
134115,Callum Wilson,West Ham United,Sub,32,11,1393,7,1,1,0,8.3,6.93,0.51,38,16,155,100,8,382,9,3,19,13,12,5,21,0,8,6.34,65,0.07,0.49,7.44
349669,Anthony Gordon,Newcastle United,FW,26,24,1896,6,2,3,1,8.5,8.26,3.27,48,20,517,423,26,953,31,3,8,33,13,13,26,0,8,6.68,82,-2.26,-1.27,11.53
401073,Anton Stach,Leeds United,MC,29,28,2505,5,3,3,0,8.5,2.96,4.49,55,14,939,726,63,1529,89,20,48,20,36,52,26,0,8,7.16,77,2.04,-1.49,7.45
363884,Ryan Gravenberch,Liverpool,DMC,36,34,3208,5,3,5,0,8.5,1.73,1.59,38,13,1860,1653,29,2379,76,48,27,32,38,53,26,0,8,6.91,89,3.27,1.41,3.32
337916,Pedro Neto,Chelsea,AMR,34,30,2775,5,3,4,1,9.2,4.16,6.64,46,13,931,813,53,1521,45,6,9,47,16,13,25,0,8,6.76,87,0.84,-3.64,10.8
318449,John McGinn,Aston Villa,AMR,30,28,2191,5,3,5,0,8.4,2.97,3.88,28,12,754,621,41,1184,43,12,11,19,31,15,46,0,8,6.74,82,2.03,-0.88,6.85
332325,Declan Rice,Arsenal,MC,36,35,3293,4,4,3,0,9.0,3.53,6.08,40,13,2136,1865,63,2772,84,37,50,14,26,78,18,0,8,7.26,87,0.47,-2.08,9.61
402596,Elliot Anderson,Nottingham Forest,DMC,38,37,3526,4,4,8,0,8.9,3.4,3.8,44,10,2384,2039,54,3308,144,41,66,50,57,49,62,0,8,7.2,86,0.6,0.2,7.2
401168,Mikkel Damsgaard,Brentford,AMC,33,24,2179,4,4,0,0,8.7,3.56,4.27,29,11,951,726,42,1424,102,25,19,18,19,16,33,0,8,6.76,76,0.44,-0.27,7.83
371012,Brenden Aaronson,Leeds United,Sub,37,30,2527,4,4,3,0,8.9,4.76,3.33,47,17,668,542,34,1287,91,15,24,31,20,17,74,0,8,6.63,81,-0.76,0.67,8.09
367781,James Garner,Everton,DL,38,38,3644,2,6,12,0,9.8,2.14,5.28,45,14,1793,1564,56,2660,166,59,30,18,39,85,15,0,8,7.18,87,-0.14,0.72,7.42
113069,Jack Grealish,Everton,Sub,20,18,1714,2,6,5,1,8.9,2.05,3.5,26,8,573,482,38,959,31,12,4,23,13,11,30,0,8,6.87,84,-0.05,2.5,5.55
416209,William Osula,Newcastle United,Sub,24,8,946,7,0,0,0,8.5,4.25,0.57,23,12,81,65,6,228,9,1,9,8,24,0,13,0,7,6.36,80,2.75,-0.57,4.82
384430,Evanilson,AFC Bournemouth,FW,36,32,2845,6,1,2,0,7.5,8.37,1.76,70,22,465,356,31,850,21,8,47,16,26,29,39,0,7,6.63,77,-2.37,-0.76,10.13
260592,Emiliano Buendia,Aston Villa,Sub,36,21,1884,6,1,6,0,8.5,3.53,2.19,49,13,658,536,30,1054,71,15,21,9,41,20,35,0,7,6.57,81,2.47,-1.19,5.72
347340,Lukas Nmecha,Leeds United,Sub,31,10,1231,6,1,0,0,7.4,6.73,1.02,30,16,217,143,11,415,16,3,32,7,18,11,17,0,7,6.35,66,-0.73,-0.02,7.75
472122,Rayan,AFC Bournemouth,Sub,15,13,1145,5,2,1,0,8.0,2.53,1.93,28,8,318,249,14,540,20,8,25,13,9,20,10,0,7,6.97,78,2.47,0.07,4.46
394786,Florian Wirtz,Liverpool,AMC,33,27,2497,5,2,1,0,9.1,6.6,4.75,51,18,1421,1201,60,1880,52,11,7,39,22,13,36,0,7,6.81,85,-1.6,-2.75,11.35
343382,Tijjani Reijnders,Manchester City,MC,28,19,1722,5,2,2,0,7.9,4.74,1.99,49,16,798,711,17,1103,16,10,3,20,19,20,16,0,7,6.64,89,0.26,0.01,6.73
495260,Patrick Dorgu,Manchester United,DML,26,15,1569,4,3,5,0,8.8,2.38,1.52,26,12,505,384,27,988,64,15,44,11,23,32,22,0,7,6.91,76,1.62,1.48,3.9
136824,Alex Iwobi,Fulham,AML,29,29,2505,4,3,3,0,8.6,2.31,4.22,39,15,1432,1219,44,1820,36,14,7,19,8,18,24,0,7,6.76,85,1.69,-1.22,6.53
238916,Mikel Merino,Arsenal,Sub,22,10,1145,4,3,1,0,8.5,3.75,1.38,22,8,370,281,12,557,32,10,28,5,22,19,17,0,7,6.73,76,0.25,1.62,5.13
469629,Jack Hinshelwood,Brighton & Hove Albion,Sub,27,20,1809,4,3,0,0,7.4,4.72,1.73,37,15,632,522,15,844,32,5,12,3,33,25,9,0,7,6.44,83,-0.72,1.27,6.45
299077,Nordi Mukiele,Sunderland,DC,32,32,2961,3,4,5,0,9.2,2.02,2.2,26,4,1189,935,24,2024,83,40,79,13,35,156,15,0,7,6.98,79,0.98,1.8,4.22
247454,Martin degaard,Arsenal,MC,24,16,1472,1,6,0,0,8.2,1.22,2.76,22,8,828,701,39,1000,31,7,3,9,9,6,13,0,7,6.7,85,-0.22,3.24,3.98
95408,Virgil van Dijk,Liverpool,DC,38,38,3700,6,0,4,0,8.5,4.69,0.81,30,14,2792,2485,12,3261,24,28,174,2,19,275,1,0,6,7.07,89,1.31,-0.81,5.5
361406,Valentin Castellanos,West Ham United,FW,18,17,1412,6,0,6,0,8.9,5.7,0.69,50,22,250,161,12,454,19,6,27,2,32,21,11,0,6,6.86,64,0.3,-0.69,6.39
363535,Wilson Isidor,Sunderland,Sub,32,11,1305,6,0,1,0,7.3,4.67,0.37,43,17,135,81,0,303,16,1,25,6,14,15,14,0,6,6.32,60,1.33,-0.37,5.04
468847,Nico O'Reilly,Manchester City,Sub,34,29,2816,5,1,5,0,8.0,5.55,2.21,41,15,1354,1167,23,2072,90,20,51,24,45,72,34,0,6,7.0,86,-0.55,-1.21,7.76
322774,Joao Palhinha,Tottenham Hotspur,Sub,33,23,2378,5,1,8,0,8.6,2.87,0.7,33,9,1044,856,8,1525,134,30,36,10,28,58,30,0,6,6.82,82,2.13,0.3,3.57
382564,Crysencio Summerville,West Ham United,Sub,31,29,2591,5,1,6,0,8.0,5.67,2.9,54,15,638,529,28,1241,58,16,7,51,49,30,39,0,6,6.8,83,-0.67,-1.9,8.57
446133,Diego Gomez,Brighton & Hove Albion,Sub,32,26,2179,5,1,9,0,9.4,5.52,1.42,42,14,753,587,21,1210,107,18,55,19,48,28,29,0,6,6.73,78,-0.52,-0.42,6.94
400496,Daniel Munoz,Crystal Palace,DMR,29,29,2554,4,2,7,0,8.2,2.1,3.67,27,13,824,653,27,1415,95,26,44,2,35,97,7,0,6,6.97,79,1.9,-1.67,5.77
334087,Gabriel Magalhaes,Arsenal,DC,32,30,2961,3,3,4,0,8.8,3.42,1.42,27,7,1733,1528,7,2158,45,23,99,1,21,182,4,0,6,7.22,88,-0.42,1.58,4.84
388650,Jurrien Timber,Arsenal,Sub,30,28,2611,3,3,5,0,10.0,3.93,1.36,25,7,1085,925,27,1664,75,24,40,13,38,53,25,0,6,6.96,85,-0.93,1.64,5.29
365402,Jan Paul van Hecke,Brighton & Hove Albion,DC,36,36,3444,3,3,9,0,8.0,3.64,1.01,23,10,2521,2198,13,3046,74,47,114,3,27,189,6,0,6,6.95,87,-0.64,1.99,4.65
484175,Yankuba Minteh,Brighton & Hove Albion,AMR,34,26,2536,3,3,3,0,8.2,3.08,4.68,41,11,630,428,44,1311,77,17,19,65,32,16,34,0,6,6.89,68,-0.08,-1.68,7.76
322043,Matty Cash,Aston Villa,DR,35,34,3176,3,3,9,0,8.1,1.18,2.62,30,10,1393,1191,30,2173,101,22,32,11,41,84,17,0,6,6.73,85,1.82,0.38,3.8
362433,Georginio Rutter,Brighton & Hove Albion,FW,32,20,1896,3,3,2,0,8.0,2.9,2.57,42,14,436,303,25,938,47,11,19,28,30,26,59,0,6,6.56,69,0.1,0.43,5.47
363665,Samuel Chukwueze,Fulham,Sub,23,10,1169,3,3,0,0,8.3,2.01,3.04,25,7,413,305,24,638,12,7,7,18,5,10,15,0,6,6.54,74,0.99,-0.04,5.05
368512,Keane Lewis-Potter,Brentford,AMR,36,22,2131,3,3,1,0,8.7,3.09,2.31,31,9,568,441,19,996,34,12,11,16,15,37,15,0,6,6.48,78,-0.09,0.69,5.4
361330,Reece James,Chelsea,DR,29,20,2122,2,4,4,0,8.6,1.38,2.71,22,7,1324,1178,27,1851,58,33,31,11,27,41,13,0,6,6.94,89,0.62,1.29,4.09
136741,Bernardo Silva,Manchester City,MC,38,34,2984,2,4,10,0,7.8,2.47,3.13,30,7,2205,1989,47,2667,81,22,4,21,37,34,34,0,6,6.77,90,-0.47,0.87,5.6
399772,Xavi Simons,Tottenham Hotspur,FWL,28,19,1968,2,4,5,1,8.7,2.91,2.72,42,10,802,665,34,1274,52,15,12,28,21,12,30,0,6,6.66,83,-0.91,1.28,5.63
89401,Granit Xhaka,Sunderland,MC,34,32,3124,1,5,8,0,8.4,0.93,3.06,21,5,1807,1512,34,2297,66,29,56,11,23,85,17,0,6,6.93,84,0.07,1.94,3.99
430774,Adam Wharton,Crystal Palace,MC,34,29,2754,1,5,6,1,8.3,1.67,6.27,32,6,1232,977,44,1703,113,27,24,15,35,42,27,0,6,6.73,79,-0.67,-1.27,7.94
430908,Omari Hutchinson,Nottingham Forest,Sub,31,17,1811,1,5,1,0,7.8,2.29,3.32,25,11,538,447,33,1020,41,12,5,41,23,8,29,0,6,6.58,83,-1.29,1.68,5.61
372424,Martin Zubimendi,Arsenal,MC,38,34,3191,5,0,4,0,8.8,2.67,1.53,27,9,1928,1684,19,2332,89,39,65,7,33,78,10,0,5,6.87,87,2.33,-1.53,4.2
143595,Tomas Soucek,West Ham United,Sub,35,24,2416,5,0,3,1,8.0,5.47,0.51,26,14,896,696,11,1231,67,16,68,4,37,83,8,0,5,6.59,78,-0.47,-0.51,5.98
323663,Cristian Romero,Tottenham Hotspur,DC,23,22,2047,4,1,11,2,9.1,1.74,1.13,17,6,1128,985,11,1446,69,30,73,8,32,94,6,0,5,6.97,87,2.26,-0.13,2.87
319756,Lucas Paqueta,West Ham United,AMC,18,18,1579,4,1,7,1,8.3,2.86,1.74,23,11,788,607,23,1145,51,8,38,16,28,17,27,0,5,6.78,77,1.14,-0.74,4.6
422885,Mathys Tel,Tottenham Hotspur,Sub,31,13,1487,4,1,1,0,8.4,2.56,2.61,35,8,359,278,30,798,29,6,16,39,19,12,38,0,5,6.56,77,1.44,-1.61,5.17
351354,Donyell Malen,Aston Villa,Sub,21,5,740,4,1,0,0,8.6,3.39,0.29,27,9,94,73,7,210,6,0,3,8,2,2,13,0,5,6.34,78,0.61,0.71,3.68
333048,Jrgen Strand Larsen,Wolverhampton Wanderers,FW,36,26,2427,4,1,4,0,8.1,5.39,1.19,44,14,493,318,10,831,23,4,80,11,52,38,27,0,5,6.31,65,-1.39,-0.19,6.58
374631,Marc Guehi,Crystal Palace,DC,35,35,3381,3,2,6,0,8.8,3.88,1.64,32,9,2309,2070,18,2810,57,50,103,7,25,164,18,0,5,7.13,90,-0.88,0.36,5.52
447231,Mateus Fernandes,West Ham United,AML,36,35,3172,3,2,7,0,8.8,1.49,2.47,28,8,1562,1366,37,2124,144,35,19,28,49,36,32,0,5,6.89,87,1.51,-0.47,3.96
350088,Callum Hudson-Odoi,Nottingham Forest,AML,30,21,1919,3,2,0,0,9.1,2.36,2.9,30,10,657,586,44,1013,23,8,3,30,12,14,22,0,5,6.58,89,0.64,-0.9,5.26
394749,Omar Marmoush,Manchester City,Sub,21,8,777,3,2,3,0,8.1,2.9,1.17,30,9,162,141,12,329,17,2,3,10,10,2,15,0,5,6.54,87,0.1,0.83,4.07
141486,Jacob Murphy,Newcastle United,Sub,33,19,1735,3,2,2,0,7.4,2.69,3.04,42,13,499,366,23,910,41,6,7,20,9,17,19,0,5,6.46,73,0.31,-1.04,5.73
131464,James Tarkowski,Everton,DC,37,37,3557,2,3,8,0,8.6,2.22,2.15,21,10,1559,1257,18,2093,64,32,147,4,32,242,1,0,5,7.12,81,-0.22,0.85,4.37
400166,Mohammed Kudus,Tottenham Hotspur,FWR,19,19,1580,2,3,3,0,8.7,2.18,2.29,26,9,444,380,23,937,41,3,11,52,23,6,54,0,5,6.98,86,-0.18,0.71,4.47
386969,Neco Williams,Nottingham Forest,DL,37,36,3446,2,3,6,1,9.0,2.3,3.78,46,19,1325,1084,36,2400,133,47,39,31,30,88,28,0,5,6.97,82,-0.3,-0.78,6.08
386634,Amad Diallo,Manchester United,Sub,32,27,2496,2,3,2,0,8.0,4.89,4.45,53,23,904,795,41,1421,58,17,13,39,23,29,25,0,5,6.9,88,-2.89,-1.45,9.34
80464,Idrissa Gueye,Everton,DMC,25,25,2281,2,3,1,1,8.4,1.79,1.36,29,7,1065,930,13,1367,62,28,13,7,21,24,9,0,5,6.66,87,0.21,1.64,3.15
326413,Kai Havertz,Arsenal,Sub,12,7,626,2,3,1,0,7.8,3.84,0.57,18,4,166,123,11,272,14,1,17,3,8,8,8,0,5,6.64,74,-1.84,2.43,4.41
403859,Pape Matar Sarr,Tottenham Hotspur,MC,26,13,1548,2,3,3,0,8.4,1.6,1.18,17,6,633,538,11,909,44,18,27,13,29,47,18,0,5,6.63,85,0.4,1.82,2.78
392647,Maxim De Cuyper,Brighton & Hove Albion,DL,30,17,1535,2,3,2,0,8.9,1.71,4.39,13,6,692,583,32,1022,37,12,10,7,18,28,5,0,5,6.54,84,0.29,-1.39,6.1
369813,Jacob Ramsey,Newcastle United,Sub,28,15,1665,2,3,5,1,7.7,1.2,1.3,16,4,707,635,22,917,54,9,9,15,16,10,13,0,5,6.45,90,0.8,1.7,2.5
394933,Matheus Nunes,Manchester City,Sub,34,32,3057,1,4,5,0,8.2,0.63,1.51,7,2,2157,1922,28,2895,78,30,42,28,17,100,18,0,5,7.02,89,0.37,2.49,2.14
398301,Adrien Truffert,AFC Bournemouth,DL,38,38,3620,1,4,5,0,8.2,1.85,2.68,16,6,1560,1302,32,2605,133,48,44,33,39,143,24,0,5,6.99,83,-0.85,1.32,4.53
474264,Lewis Miley,Newcastle United,Sub,23,15,1648,1,4,0,0,8.8,1.04,1.8,12,4,840,754,15,1122,41,20,45,12,5,34,9,0,5,6.77,90,-0.04,2.2,2.84
363496,Marc Cucurella,Chelsea,DL,34,31,2980,1,4,8,1,8.0,1.7,2.59,20,6,1445,1268,39,2032,77,32,36,1,45,87,7,0,5,6.74,88,-0.7,1.41,4.29
298689,Vitaly Janelt,Brentford,Sub,25,15,1585,1,4,8,0,8.6,1.07,2.21,12,3,811,708,21,1081,47,30,23,5,20,34,6,0,5,6.72,87,-0.07,1.79,3.28
437022,Alejandro Garnacho,Chelsea,Sub,24,14,1350,1,4,2,0,8.4,3.64,4.11,33,7,473,413,29,756,24,4,3,14,9,6,12,0,5,6.5,87,-2.64,-0.11,7.75
416207,Hannibal Mejbri,Burnley,MR,27,15,1320,1,4,10,0,8.1,0.85,1.7,19,5,510,394,21,822,41,8,6,20,24,7,33,0,5,6.39,77,0.15,2.3,2.55
328330,Marcos Senesi,AFC Bournemouth,DC,37,37,3524,0,5,8,0,8.5,1.56,3.67,17,5,2319,1801,24,2992,91,56,92,6,34,253,14,0,5,7.09,78,-1.56,1.33,5.23
444739,Quilindschy Hartman,Burnley,DL,21,21,1937,0,5,1,0,7.5,0.57,2.0,9,3,736,557,20,1199,65,31,10,5,13,66,6,0,5,6.63,76,-0.57,3.0,2.57
89925,Lucas Digne,Aston Villa,DL,31,21,1977,0,5,3,0,7.9,0.67,3.07,14,5,731,591,26,1228,48,15,35,4,14,61,11,0,5,6.59,81,-0.67,1.93,3.74
393355,Malick Thiaw,Newcastle United,Sub,35,33,3211,4,0,4,0,9.3,5.53,0.78,28,14,1695,1519,6,2115,56,31,114,8,24,184,3,0,4,6.88,90,-1.53,-0.78,6.31
425229,Micky van de Ven,Tottenham Hotspur,DC,35,35,3318,4,0,9,1,9.1,2.64,0.27,16,6,1770,1601,6,2150,50,22,47,11,28,131,5,0,4,6.57,90,1.36,-0.27,2.91
476110,Chemsdine Talbi,Sunderland,FWR,28,16,1655,4,0,0,0,8.2,2.02,1.2,25,10,402,327,12,638,24,2,1,16,5,17,11,0,4,6.34,81,1.98,-1.2,3.22
281049,Taiwo Awoniyi,Nottingham Forest,FW,17,3,587,4,0,2,0,8.4,3.27,0.69,15,8,75,60,6,161,6,1,9,2,10,4,5,0,4,6.32,80,0.73,-0.69,3.96
410998,Alex Scott,AFC Bournemouth,MC,37,34,2999,3,1,5,0,8.4,3.94,2.55,44,13,1393,1182,27,2017,84,36,37,29,45,81,26,0,4,6.88,85,-0.94,-1.55,6.49
410175,Moises Caicedo,Chelsea,DMC,33,32,3028,3,1,11,1,8.0,1.84,1.76,27,7,2053,1883,18,2508,111,59,15,15,54,28,19,0,4,6.81,92,1.16,-0.76,3.6
389935,Noni Madueke,Arsenal,Sub,26,16,1274,3,1,0,0,8.8,1.58,2.48,26,10,411,313,22,750,42,5,10,29,15,8,17,0,4,6.67,76,1.42,-1.48,4.06
470690,Yasin Ayari,Brighton & Hove Albion,DMC,29,20,2095,3,1,1,0,7.9,2.45,0.8,41,10,963,829,15,1325,71,26,9,18,24,24,19,0,4,6.66,86,0.55,0.2,3.25
339674,Mathias Jensen,Brentford,DMC,36,26,2393,3,1,3,0,7.9,1.88,4.81,29,8,1122,907,33,1604,75,21,8,19,20,37,25,0,4,6.64,81,1.12,-3.81,6.69
425142,Kaoru Mitoma,Brighton & Hove Albion,AML,25,19,1840,3,1,5,0,7.8,3.26,2.69,32,13,574,473,30,931,35,9,15,28,31,17,23,0,4,6.62,82,-0.26,-1.69,5.95
444241,Santiago Bueno,Wolverhampton Wanderers,Sub,29,28,2729,3,1,4,0,8.4,1.68,1.17,10,7,1085,938,10,1435,61,27,48,0,30,116,5,0,4,6.61,86,1.32,-0.17,2.85
322611,Ryan Sessegnon,Fulham,DL,27,20,1959,3,1,0,0,8.0,1.76,1.58,16,4,679,519,14,1247,60,25,19,9,33,64,18,0,4,6.6,76,1.24,-0.58,3.34
554310,Mateus Mane,Wolverhampton Wanderers,Sub,27,19,1946,3,1,0,0,8.4,2.35,3.13,42,17,375,286,30,908,43,5,8,31,25,26,41,0,4,6.6,76,0.65,-2.13,5.48
402056,Tolu Arokodare,Wolverhampton Wanderers,FW,33,13,1595,3,1,1,0,8.0,7.31,0.53,47,16,270,163,12,601,8,5,99,18,17,43,22,0,4,6.46,60,-4.31,0.47,7.84
389409,Amine Adli,AFC Bournemouth,Sub,31,10,1237,3,1,2,0,7.8,2.65,1.53,20,9,413,319,16,677,43,7,30,8,29,17,9,0,4,6.45,77,0.35,-0.53,4.18
371447,Lyle Foster,Burnley,FW,26,15,1466,3,1,4,0,7.4,3.14,0.49,20,6,281,197,10,524,24,4,28,10,22,20,32,0,4,6.25,70,-0.14,0.51,3.63
402664,Josko Gvardiol,Manchester City,DC,18,16,1461,2,2,2,0,7.9,1.86,0.46,17,6,1047,936,4,1249,19,15,29,2,16,61,4,0,4,6.95,89,0.14,1.54,2.32
445059,Mats Wieffer,Brighton & Hove Albion,DR,26,23,2023,2,2,8,0,9.5,1.66,1.59,18,6,881,733,20,1436,101,25,44,9,30,71,22,0,4,6.87,83,0.34,0.41,3.25
273292,Josh Cullen,Burnley,MC,18,18,1600,2,2,2,0,8.3,1.16,1.06,11,6,866,728,13,1086,43,22,17,2,16,35,10,0,4,6.68,84,0.84,0.94,2.22
342811,Sean Longstaff,Leeds United,Sub,23,10,1138,2,2,2,0,9.9,1.14,1.45,16,4,448,379,25,667,60,12,10,2,13,11,12,0,4,6.6,85,0.86,0.55,2.59
403865,Yeremy Pino,Crystal Palace,Sub,34,26,2155,2,2,4,0,8.4,4.09,5.33,45,11,831,620,48,1265,69,9,22,18,30,21,34,0,4,6.58,75,-2.09,-3.33,9.42
403850,Malo Gusto,Chelsea,Sub,34,26,2393,2,2,5,1,8.7,1.74,2.61,12,6,1264,1097,27,1809,75,31,15,13,20,39,16,0,4,6.55,87,0.26,-0.61,4.35
510728,Estevao,Chelsea,Sub,22,12,905,2,2,4,0,7.9,2.71,1.81,28,8,270,218,16,495,22,4,3,29,12,5,20,0,4,6.55,81,-0.71,0.19,4.52
429922,Archie Gray,Tottenham Hotspur,MC,24,18,1583,2,2,5,0,7.5,1.44,0.87,11,5,539,448,8,766,12,17,9,7,12,44,17,0,4,6.35,83,0.56,1.13,2.31
262854,Hwang Hee-Chan,Wolverhampton Wanderers,Sub,26,18,1512,2,2,5,0,8.0,2.52,1.21,19,6,378,285,15,612,16,13,6,9,28,16,11,0,4,6.19,75,-0.52,0.79,3.73
353418,Diogo Dalot,Manchester United,DMR,34,29,2792,1,3,5,0,8.3,2.11,2.11,24,6,1132,962,29,1787,74,27,52,18,25,92,16,0,4,6.81,85,-1.11,0.89,4.22
68659,Jordan Henderson,Brentford,Sub,32,22,2059,1,3,6,0,7.4,0.48,1.69,6,1,1158,902,19,1382,36,17,13,3,13,34,6,0,4,6.43,78,0.52,1.31,2.17
380706,Gabriel Martinelli,Arsenal,FWL,30,11,1220,1,3,3,0,7.7,3.87,0.94,29,13,261,189,13,527,18,1,8,22,10,10,26,0,4,6.38,72,-2.87,2.06,4.81
479288,El Hadji Malick Diouf,West Ham United,ML,32,30,2866,0,4,6,0,8.0,0.57,2.41,18,4,1037,771,29,1820,58,33,45,23,28,116,19,0,4,6.76,74,-0.57,1.59,2.98
107941,Michael Keane,Everton,DC,33,29,2799,3,0,1,1,8.4,3.01,0.32,26,7,1102,942,2,1537,48,37,112,6,16,203,5,0,3,6.92,85,-0.01,-0.32,3.33
351127,Konstantinos Mavropanos,West Ham United,DC,31,27,2727,3,0,2,0,9.2,2.73,0.66,23,8,1171,963,4,1600,54,49,84,2,16,194,2,0,3,6.92,82,0.27,-0.66,3.39
353292,Trevoh Chalobah,Chelsea,DC,34,31,3040,3,0,3,1,8.4,1.68,0.89,16,5,2283,2124,5,2689,44,35,75,7,20,178,5,0,3,6.85,93,1.32,-0.89,2.57
136459,Dominic Solanke,Tottenham Hotspur,Sub,15,11,1070,3,0,1,0,8.4,2.81,0.44,20,11,158,117,6,342,27,3,20,13,12,11,13,0,3,6.61,74,0.19,-0.44,3.25
343346,Mason Mount,Manchester United,AMC,23,12,1093,3,0,2,0,7.7,1.64,1.59,19,5,429,350,13,610,35,9,7,7,16,9,15,0,3,6.5,82,1.36,-1.59,3.23
92547,Ross Barkley,Aston Villa,Sub,21,7,949,3,0,1,0,7.8,1.46,1.18,18,8,407,357,10,543,22,2,14,13,9,10,16,0,3,6.5,88,1.54,-1.18,2.64
279379,Gabriel Jesus,Arsenal,Sub,14,3,494,3,0,3,0,7.7,3.04,0.28,19,12,108,83,3,217,5,3,10,8,9,5,11,0,3,6.44,77,-0.04,-0.28,3.32
73380,Chris Wood,Nottingham Forest,FW,15,11,925,3,0,0,0,8.4,2.91,0.5,23,9,161,112,5,242,6,1,26,1,6,9,2,0,3,6.43,70,0.09,-0.5,3.41
363686,Emile Smith Rowe,Fulham,Sub,37,22,2024,3,0,1,0,7.3,4.14,0.81,36,11,920,838,18,1224,41,22,7,14,10,18,31,0,3,6.4,91,-1.14,-0.81,4.95
404616,Lesley Ugochukwu,Burnley,Sub,35,27,2442,3,0,3,1,7.6,2.35,0.25,23,8,788,657,10,1160,72,18,26,16,28,24,31,0,3,6.35,83,0.65,-0.25,2.6
402823,Rodrigo Gomes,Wolverhampton Wanderers,Sub,22,9,1054,3,0,0,0,7.1,2.56,0.54,20,6,263,190,3,485,33,9,6,8,6,13,7,0,3,6.33,72,0.44,-0.54,3.1
299254,Alexander Isak,Liverpool,Sub,14,8,773,3,0,0,0,7.4,3.15,0.08,17,6,88,55,2,180,9,0,8,1,5,9,7,0,3,6.31,62,-0.15,-0.08,3.23
201755,Joelinton,Newcastle United,MC,27,23,2089,2,1,10,0,8.5,1.86,1.33,32,11,839,694,17,1201,63,30,63,16,47,40,26,0,3,6.81,83,0.14,-0.33,3.19
301441,James Justin,Leeds United,Sub,29,21,2079,2,1,4,0,8.7,2.12,1.02,24,6,708,538,12,1233,67,28,40,3,13,90,10,0,3,6.77,76,-0.12,-0.02,3.14
328075,Ibrahim Sangare,Nottingham Forest,DMC,28,25,2180,2,1,5,0,9.1,1.25,1.36,16,5,956,830,12,1299,83,25,24,11,42,50,15,0,3,6.7,87,0.75,-0.36,2.61
315275,Tyler Adams,AFC Bournemouth,DMC,25,21,1861,2,1,8,0,7.4,0.81,0.49,10,6,1010,880,7,1312,71,33,27,6,35,42,11,0,3,6.69,87,1.19,0.51,1.3
424514,Trai Hume,Sunderland,DR,38,34,3252,2,1,9,0,7.9,2.17,1.73,34,7,1048,790,29,1725,98,25,65,5,31,99,9,0,3,6.65,75,-0.17,-0.73,3.9
548566,Rio Ngumoha,Liverpool,Sub,19,5,670,2,1,0,0,8.2,0.97,2.0,16,6,192,167,16,360,8,3,0,30,4,3,12,0,3,6.59,87,1.03,-1.0,2.97
345319,Alexis Mac Allister,Liverpool,DMC,37,31,2857,2,1,7,0,8.0,3.5,1.36,52,12,1438,1245,35,1865,93,21,17,11,35,35,29,0,3,6.57,87,-1.5,-0.36,4.86
424273,Milos Kerkez,Liverpool,DL,34,27,2431,2,1,4,0,7.5,1.15,0.31,9,2,1070,913,26,1618,51,14,33,12,22,71,7,0,3,6.55,85,0.85,0.69,1.46
404245,Ladislav Krejci,Wolverhampton Wanderers,MC,28,27,2521,2,1,5,1,7.5,1.72,1.11,21,10,1317,1087,9,1670,45,32,64,2,33,117,8,0,3,6.54,83,0.28,-0.11,2.83
136460,Adam Armstrong,Wolverhampton Wanderers,AML,14,14,1192,2,1,3,0,7.4,2.44,0.98,18,6,152,104,6,282,11,2,9,10,13,12,9,0,3,6.47,68,-0.44,0.02,3.42
422818,Habib Diarra,Sunderland,MC,20,15,1504,2,1,6,0,7.8,3.0,0.76,26,8,436,357,7,652,21,4,11,6,20,13,14,0,3,6.37,82,-1.0,0.24,3.76
379688,Brennan Johnson,Tottenham Hotspur,FWL,34,19,1845,2,1,6,0,7.7,2.4,1.44,23,5,382,252,19,704,44,4,16,9,20,32,12,0,3,6.33,66,-0.4,-0.44,3.84
383956,Joshua Zirkzee,Manchester United,Sub,24,5,754,2,1,3,0,7.8,3.11,0.46,25,9,245,182,11,393,12,1,20,5,9,11,13,0,3,6.29,74,-1.11,0.54,3.57
425118,Loum Tchaouna,Burnley,Sub,29,14,1390,2,1,2,0,7.1,0.98,0.75,23,9,342,257,13,582,32,2,14,7,13,10,17,0,3,6.23,75,1.02,0.25,1.73
71824,Pascal Gro,Brighton & Hove Albion,Sub,19,18,1751,1,2,2,0,7.9,1.36,3.3,18,9,1073,922,39,1396,47,12,13,7,17,24,10,0,3,6.95,86,-0.36,-1.3,4.66
362352,Pedro Porro,Tottenham Hotspur,DR,34,32,2991,1,2,10,0,8.3,1.32,4.09,32,8,1470,1102,53,2434,114,31,19,19,32,102,9,0,3,6.87,75,-0.32,-2.09,5.41
389579,Tyrick Mitchell,Crystal Palace,DML,38,36,3472,1,2,6,0,7.6,2.05,2.48,19,7,1107,809,29,2035,122,34,26,15,23,100,26,0,3,6.75,73,-1.05,-0.48,4.53
297395,Sasa Lukic,Fulham,DMC,26,20,1834,1,2,9,0,7.5,2.51,1.64,18,6,730,625,28,1059,59,18,23,6,53,36,9,0,3,6.63,86,-1.51,0.36,4.15
354291,Jayden Bogle,Leeds United,DR,34,32,2929,1,2,6,0,7.9,1.75,2.58,18,4,884,674,21,1551,92,33,24,19,39,73,34,0,3,6.55,76,-0.75,-0.58,4.33
355354,Curtis Jones,Liverpool,Sub,34,18,2129,1,2,2,0,7.6,2.8,2.2,23,7,1647,1509,21,2019,61,18,11,22,17,29,23,0,3,6.52,92,-1.8,-0.2,5.0
295084,David Brooks,AFC Bournemouth,ML,31,13,1322,1,2,7,0,7.9,6.5,3.0,48,13,445,343,26,737,39,4,6,17,11,15,10,0,3,6.38,77,-5.5,-1.0,9.5
279177,Marcus Edwards,Burnley,Sub,23,11,1148,1,2,0,0,7.1,1.96,1.3,23,6,338,279,20,554,28,2,2,14,7,4,28,0,3,6.34,83,-0.96,0.7,3.26
313171,Ruben Dias,Manchester City,DC,26,24,2297,2,0,3,0,8.1,0.58,0.33,10,4,1752,1629,7,2014,15,23,58,3,15,117,3,0,2,6.95,93,1.42,-0.33,0.91
371761,Dan Ballard,Sunderland,DC,29,24,2389,2,0,4,1,9.2,2.33,0.67,26,9,1103,906,15,1493,39,20,106,3,29,185,6,0,2,6.88,82,-0.33,-0.67,3.0
400815,Amadou Onana,Aston Villa,DMC,25,21,1858,2,0,3,0,8.2,1.99,0.44,19,7,849,742,7,1151,59,25,45,7,20,59,10,0,2,6.8,87,0.01,-0.44,2.43
302312,Joe Rodon,Leeds United,DC,35,33,3179,2,0,3,0,8.1,1.09,0.58,18,7,1450,1267,9,1921,47,29,85,1,17,185,6,0,2,6.63,87,0.91,-0.58,1.67
450289,Nicolo Savona,Nottingham Forest,Sub,14,11,1090,2,0,2,0,7.7,0.9,0.56,5,3,399,314,7,638,35,4,7,2,12,29,2,0,2,6.46,79,1.1,-0.56,1.46
128882,Ryan Christie,AFC Bournemouth,Sub,26,9,1153,2,0,3,1,7.6,2.22,0.61,25,8,547,428,11,786,41,12,13,19,17,18,15,0,2,6.43,78,-0.22,-0.61,2.83
423347,Ao Tanaka,Leeds United,MC,28,14,1434,2,0,1,0,7.6,1.59,1.23,17,5,689,589,18,907,47,21,12,4,13,15,8,0,2,6.41,85,0.41,-1.23,2.82
331579,Justin Kluivert,AFC Bournemouth,Sub,20,10,1025,2,0,5,0,7.6,2.01,1.42,17,4,345,280,21,532,19,4,6,11,18,2,15,0,2,6.38,81,-0.01,-1.42,3.43
533923,Charalampos Kostoulas,Brighton & Hove Albion,Sub,21,2,497,2,0,2,0,7.4,2.21,0.64,21,8,127,95,10,268,15,1,22,11,7,4,10,0,2,6.37,75,-0.21,-0.64,2.85
79583,Tom Cairney,Fulham,Sub,24,6,889,2,0,3,0,7.8,0.89,0.55,17,2,692,641,11,787,14,4,10,4,10,7,4,0,2,6.33,93,1.11,-0.55,1.44
345845,Eddie Nketiah,Crystal Palace,Sub,12,2,498,2,0,2,0,7.0,1.81,0.53,15,6,87,70,7,216,11,2,8,5,7,10,11,0,2,6.33,80,0.19,-0.53,2.34
494670,Eliezer Mayenda,Sunderland,FW,20,8,839,2,0,0,0,7.6,1.58,0.21,13,6,85,56,4,230,8,1,15,11,6,5,21,0,2,6.28,66,0.42,-0.21,1.79
317506,Tammy Abraham,Aston Villa,FW,12,2,354,2,0,0,0,7.1,1.92,0.3,9,3,44,25,4,75,6,0,5,1,2,3,1,0,2,6.27,57,0.08,-0.3,2.22
322971,Federico Chiesa,Liverpool,Sub,26,1,527,2,0,3,0,7.3,1.52,0.7,17,5,113,81,3,226,13,4,3,2,11,7,4,0,2,6.2,72,0.48,-0.7,2.22
401130,Maxence Lacroix,Crystal Palace,DC,35,35,3338,1,1,4,1,8.2,1.91,0.83,24,7,1656,1460,7,2224,71,45,119,7,34,252,6,0,2,7.03,88,-0.91,0.17,2.74
331790,Boubacar Kamara,Aston Villa,DMC,18,17,1475,1,1,5,0,7.8,0.91,0.69,7,4,818,722,15,1053,56,18,36,14,17,20,15,0,2,6.96,88,0.09,0.31,1.6
344639,Omar Alderete,Sunderland,Sub,33,32,2989,1,1,6,0,8.1,1.7,0.84,24,9,1304,1057,9,1783,40,36,88,17,34,217,12,0,2,6.87,81,-0.7,0.16,2.54
360941,Jaka Bijol,Leeds United,DC,25,21,2047,1,1,4,0,8.1,0.83,0.71,15,6,1008,856,7,1317,32,24,66,2,19,160,0,0,2,6.86,85,0.17,0.29,1.54
322418,Ethan Ampadu,Leeds United,MC,35,35,3335,1,1,10,0,8.3,2.96,2.34,26,6,1731,1481,19,2372,100,50,57,12,50,83,12,0,2,6.84,86,-1.96,-1.34,5.3
404832,Piero Hincapie,Arsenal,Sub,25,20,1926,1,1,2,0,8.5,0.43,1.49,3,2,837,744,13,1255,62,26,32,7,18,88,5,0,2,6.83,89,0.57,-0.49,1.92
372724,Nathan Collins,Brentford,DC,35,32,3200,1,1,7,0,8.3,2.59,1.43,20,6,1753,1457,11,2247,40,37,89,7,20,209,10,0,2,6.79,83,-1.59,-0.43,4.02
430294,Lewis Hall,Newcastle United,Sub,30,24,2373,1,1,4,0,8.0,1.16,2.11,25,6,1261,1075,25,2036,70,28,26,37,17,77,38,0,2,6.77,85,-0.16,-1.11,3.27
99487,Harry Maguire,Manchester United,Sub,23,19,1783,1,1,3,1,7.8,0.9,0.4,14,4,851,733,4,1068,26,13,59,1,16,105,2,0,2,6.72,86,0.1,0.6,1.3
409730,Hugo Bueno,Wolverhampton Wanderers,Sub,35,26,2539,1,1,3,0,8.1,0.63,3.69,16,6,848,683,38,1701,101,38,19,31,18,67,32,0,2,6.69,81,0.37,-2.69,4.32
403693,Joao Gomes,Wolverhampton Wanderers,MC,35,32,2994,1,1,10,0,8.1,1.48,1.23,19,7,1455,1245,16,2055,156,36,27,43,69,45,55,0,2,6.67,86,-0.48,-0.23,2.71
424495,Jake O'Brien,Everton,DR,37,35,3333,1,1,6,1,8.0,1.42,0.83,13,6,1079,798,17,1815,65,15,116,6,23,144,21,0,2,6.65,74,-0.42,0.17,2.25
460260,Kobbie Mainoo,Manchester United,Sub,28,16,1840,1,1,2,0,8.1,0.65,0.86,13,3,1047,934,22,1358,47,20,15,19,13,25,31,0,2,6.65,89,0.35,0.14,1.51
375621,Conor Gallagher,Tottenham Hotspur,DMC,16,14,1240,1,1,2,0,7.5,0.97,0.43,11,4,524,444,13,754,36,18,9,13,26,6,13,0,2,6.55,85,0.03,0.57,1.4
444304,Yehor Yarmoliuk,Brentford,DMC,37,30,2799,1,1,7,0,7.8,1.16,1.17,16,4,1347,1136,14,1785,110,28,32,15,37,41,23,0,2,6.53,84,-0.16,-0.17,2.33
377411,Marshall Munetsi,Wolverhampton Wanderers,FWR,13,9,931,1,1,2,0,7.4,1.18,0.54,14,6,169,107,3,343,30,7,30,5,19,30,11,0,2,6.53,63,-0.18,0.46,1.72
471784,Brajan Gruda,Brighton & Hove Albion,Sub,18,8,790,1,1,2,0,7.5,1.46,0.62,16,6,248,194,16,448,19,2,8,20,11,2,17,0,2,6.4,78,-0.46,0.38,2.08
398414,Dan Ndoye,Nottingham Forest,AMR,24,14,1244,1,1,1,0,7.1,1.13,1.27,15,4,282,221,14,559,35,10,11,13,16,12,19,0,2,6.4,78,-0.13,-0.27,2.4
382587,Evann Guessand,Aston Villa,Sub,21,9,1003,1,1,0,0,7.2,2.07,1.15,11,6,187,154,5,413,29,5,11,14,15,10,28,0,2,6.38,82,-1.07,-0.15,3.22
397821,Savinho,Manchester City,Sub,24,7,957,1,1,2,0,8.0,2.53,1.39,20,11,373,309,9,609,11,5,0,17,9,6,9,0,2,6.36,83,-1.53,-0.39,3.92
469645,Chris Rigg,Sunderland,Sub,18,11,813,1,1,1,0,7.6,0.8,1.02,12,3,213,153,9,325,18,4,4,7,8,10,5,0,2,6.34,72,0.2,-0.02,1.82
333542,Randal Kolo Muani,Tottenham Hotspur,Sub,30,21,1757,1,1,3,0,7.4,2.26,1.9,20,4,328,231,19,680,42,3,32,28,40,18,37,0,2,6.32,70,-1.26,-0.9,4.16
505295,Lucas Bergvall,Tottenham Hotspur,MC,23,11,1047,1,1,2,0,8.0,1.24,0.44,12,5,305,249,5,495,31,2,5,15,24,13,7,0,2,6.31,82,-0.24,0.56,1.68
320242,Jean-Ricner Bellegarde,Wolverhampton Wanderers,FWL,26,15,1319,1,1,5,0,7.4,1.25,0.87,21,7,428,340,13,723,31,10,9,18,20,20,20,0,2,6.29,79,-0.25,0.13,2.12
4511,James Milner,Brighton & Hove Albion,Sub,20,7,867,1,1,2,0,7.1,0.99,0.39,8,2,487,423,8,592,23,6,6,1,15,19,3,0,2,6.27,87,0.01,0.61,1.38
393407,Armando Broja,Burnley,Sub,24,8,976,1,1,0,0,7.5,1.9,0.14,16,6,151,105,5,326,11,3,35,8,14,9,20,0,2,6.19,70,-0.9,0.86,2.04
362837,James Hill,AFC Bournemouth,Sub,29,22,2294,0,2,5,0,8.7,0.83,1.31,12,2,1037,806,13,1495,52,39,114,2,17,168,5,0,2,6.98,78,-0.83,0.69,2.14
355401,Rayan Ait-Nouri,Manchester City,DL,17,12,1057,0,2,2,0,8.1,0.4,1.73,10,2,590,533,12,878,41,13,14,22,17,18,12,0,2,6.87,90,-0.4,0.27,2.13
136345,Youri Tielemans,Aston Villa,AMC,25,21,1960,0,2,0,0,7.9,1.8,2.4,24,7,1129,959,32,1488,81,18,22,9,25,19,13,0,2,6.85,85,-1.8,-0.4,4.2
351705,Sepp van den Berg,Brentford,DC,32,30,2985,0,2,2,0,7.6,2.69,1.43,23,7,1422,1259,7,1815,30,29,140,1,15,195,4,0,2,6.84,89,-2.69,0.57,4.12
133464,Jefferson Lerma,Crystal Palace,Sub,31,18,1920,0,2,7,0,7.8,2.05,1.62,19,7,871,692,13,1194,45,25,65,3,25,61,9,0,2,6.49,79,-2.05,0.38,3.67
69778,Kyle Walker,Burnley,DC,36,35,3313,0,2,9,0,8.2,0.17,1.09,4,0,1440,1114,13,2233,75,45,47,13,32,102,14,0,2,6.47,77,-0.17,0.91,1.26
436425,Jamie Gittens,Chelsea,AML,16,5,562,0,2,0,0,7.7,0.77,0.56,10,2,149,118,9,257,11,2,3,13,6,3,4,0,2,6.36,79,-0.77,1.44,1.33
342830,Ryan Yates,Nottingham Forest,Sub,22,2,771,0,2,3,0,7.0,0.77,0.25,9,2,260,203,5,377,21,9,20,1,13,23,6,0,2,6.35,78,-0.77,1.75,1.02
342563,Joe Willock,Newcastle United,Sub,24,10,1086,0,2,3,0,7.5,1.0,0.83,17,6,359,302,14,557,39,9,10,7,16,6,12,0,2,6.31,84,-1.0,1.17,1.83
136451,Joe Gomez,Liverpool,Sub,21,7,711,0,2,4,0,7.6,0.2,0.71,5,1,320,255,5,482,14,9,13,3,14,25,6,0,2,6.29,80,-0.2,1.29,0.91
346300,Jadon Sancho,Aston Villa,Sub,23,9,973,0,2,0,0,7.4,0.73,1.74,10,3,378,316,21,528,14,2,3,16,3,9,9,0,2,6.27,84,-0.73,0.26,2.47
415341,David Mller Wolfe,Wolverhampton Wanderers,DML,22,11,1136,0,2,1,0,7.3,0.09,1.22,3,0,260,193,8,465,13,7,11,5,10,31,2,0,2,6.26,74,-0.09,0.78,1.31
303139,Rodri,Manchester City,Sub,21,17,1622,1,0,3,0,7.8,1.22,2.0,16,3,1618,1458,25,1873,56,14,39,7,14,41,11,0,1,6.95,90,-0.22,-2.0,3.22
345957,Ibrahima Konate,Liverpool,DC,36,36,3288,1,0,7,0,8.0,1.82,0.64,12,4,2168,1943,8,2640,63,29,124,5,33,190,5,0,1,6.92,90,-0.82,-0.64,2.46
320374,Matthijs de Ligt,Manchester United,DC,13,13,1252,1,0,0,0,7.7,0.91,0.47,11,3,612,537,3,791,25,15,50,1,6,68,1,0,1,6.92,88,0.09,-0.47,1.38
361822,William Saliba,Arsenal,DC,31,30,2810,1,0,2,0,8.1,1.37,0.83,5,1,2104,1954,10,2414,42,17,73,7,22,133,9,0,1,6.92,93,-0.37,-0.83,2.2
145996,Kenny Tete,Fulham,DR,22,21,1886,1,0,2,0,8.5,0.7,1.01,16,3,886,748,11,1412,78,27,27,8,27,68,16,0,1,6.91,84,0.3,-1.01,1.71
395401,Chris Richards,Crystal Palace,DC,33,31,3044,1,0,4,0,7.9,1.58,1.29,15,2,1479,1242,9,2081,73,43,107,4,18,196,11,0,1,6.88,84,-0.58,-1.29,2.87
379732,Sven Botman,Newcastle United,DC,25,21,1986,1,0,2,0,7.8,1.04,0.89,15,4,1190,1037,8,1521,25,27,87,4,13,141,5,0,1,6.88,87,-0.04,-0.89,1.93
470031,Michael Kayode,Brentford,DR,37,37,3477,1,0,8,0,8.0,1.17,5.77,9,3,1141,970,34,2195,90,38,41,55,26,99,31,0,1,6.85,85,-0.17,-5.77,6.94
386519,Riccardo Calafiori,Arsenal,DL,26,22,1773,1,0,5,0,7.9,3.21,0.6,32,8,756,647,9,1164,40,15,48,16,26,50,10,0,1,6.84,86,-2.21,-0.6,3.81
445424,Murillo,Nottingham Forest,DC,25,25,2252,1,0,5,0,9.3,0.59,0.29,11,4,1132,946,8,1483,41,34,24,9,23,130,9,0,1,6.78,84,0.41,-0.29,0.88
422939,Nico Gonzalez,Manchester City,MC,25,17,1679,1,0,6,0,8.4,0.68,0.69,14,2,1316,1189,11,1576,52,24,33,12,30,44,15,0,1,6.78,90,0.32,-0.69,1.37
103837,Ben Davies,Tottenham Hotspur,Sub,3,2,142,1,0,1,0,7.7,0.66,0.05,2,2,65,56,1,105,5,1,4,0,2,8,1,0,1,6.77,86,0.34,-0.05,0.71
303657,Rodrigo Bentancur,Tottenham Hotspur,Sub,26,23,1973,1,0,7,0,7.7,0.9,0.59,13,3,1018,873,10,1339,67,35,31,20,19,48,8,0,1,6.75,86,0.1,-0.59,1.49
381045,Jarrad Branthwaite,Everton,Sub,10,7,717,1,0,1,0,7.8,0.18,0.06,6,2,351,294,3,464,16,11,30,0,3,41,2,0,1,6.75,84,0.82,-0.06,0.24
86441,Lewis Dunk,Brighton & Hove Albion,DC,33,31,3059,1,0,10,0,8.0,1.2,0.38,24,3,2492,2301,7,2863,56,30,76,4,15,142,5,0,1,6.73,92,-0.2,-0.38,1.58
118244,Luke Shaw,Manchester United,DC,38,38,3369,1,0,9,0,7.5,0.57,1.52,10,3,1712,1486,16,2329,91,46,64,10,49,95,6,0,1,6.72,87,0.43,-1.52,2.09
497295,Alex Jimenez,AFC Bournemouth,Sub,31,26,2482,1,0,10,0,8.0,1.01,1.71,21,4,868,696,14,1478,92,27,13,39,35,41,20,0,1,6.72,80,-0.01,-1.71,2.72
306581,Antonee Robinson,Fulham,Sub,22,17,1594,1,0,5,0,8.1,1.06,1.73,6,1,800,640,22,1293,71,29,18,12,15,55,7,0,1,6.7,80,-0.06,-1.73,2.79
321958,Ferdi Kadioglu,Brighton & Hove Albion,Sub,37,34,3347,1,0,6,0,8.5,2.02,3.17,28,13,1367,1170,21,2068,94,26,32,12,22,81,18,0,1,6.67,86,-1.02,-3.17,5.19
82277,Dan Burn,Newcastle United,DC,29,25,2408,1,0,11,1,7.9,0.83,0.34,10,3,1054,836,7,1505,59,21,98,2,36,152,6,0,1,6.66,79,0.17,-0.34,1.17
396976,Calvin Bassey,Fulham,DL,30,28,2724,1,0,5,0,8.4,1.22,0.15,13,2,1706,1497,10,2137,69,22,39,10,28,99,17,0,1,6.59,88,-0.22,-0.15,1.37
571994,Max Dowman,Arsenal,Sub,6,1,188,1,0,0,0,7.5,0.76,0.44,6,1,52,46,4,116,5,1,0,6,2,0,7,0,1,6.57,88,0.24,-0.44,1.2
429174,Kevin,Fulham,Sub,26,9,1156,1,0,1,0,7.7,1.25,1.13,25,10,339,259,14,676,39,9,8,44,14,8,23,0,1,6.56,76,-0.25,-1.13,2.38
109807,Bertrand Traore,Sunderland,Sub,12,9,663,1,0,1,0,7.7,0.71,0.17,13,6,180,143,8,320,18,2,6,14,11,6,9,0,1,6.55,79,0.29,-0.17,0.88
313672,Kyle Walker-Peters,West Ham United,Sub,23,15,1500,1,0,2,0,8.0,0.94,0.3,5,3,596,510,7,974,55,9,12,16,12,34,17,0,1,6.49,86,0.06,-0.3,1.24
110290,Joel Veltman,Brighton & Hove Albion,DR,24,9,1201,1,0,5,0,7.8,1.04,0.15,4,1,442,361,4,756,41,18,20,2,10,44,2,0,1,6.49,82,-0.04,-0.15,1.19
376916,Morato,Nottingham Forest,DL,21,14,1464,1,0,5,0,7.4,1.37,0.08,5,2,755,644,2,977,37,11,23,5,16,87,0,0,1,6.49,85,-0.37,-0.08,1.45
337883,Douglas Luiz,Nottingham Forest,DMC,21,12,981,1,0,3,0,7.2,0.84,1.26,11,5,653,588,19,851,29,15,9,6,13,12,3,0,1,6.47,90,0.16,-1.26,2.1
334653,Nicolas Dominguez,Nottingham Forest,DMC,27,17,1242,1,0,3,0,8.0,1.18,0.37,18,5,535,456,11,735,80,7,13,6,16,17,5,0,1,6.46,85,-0.18,-0.37,1.55
115726,Andy Robertson,Liverpool,Sub,24,11,1282,1,0,0,0,7.3,0.87,1.1,10,3,711,592,20,962,16,8,14,3,4,32,1,0,1,6.42,83,0.13,-1.1,1.97
397585,Andre,Wolverhampton Wanderers,MC,35,30,2946,1,0,12,0,8.3,0.59,0.78,15,1,1311,1198,18,1772,119,30,4,19,47,50,30,0,1,6.41,91,0.41,-0.78,1.37
424039,Jhon Arias,Wolverhampton Wanderers,Sub,23,14,1194,1,0,1,0,7.8,2.69,0.36,16,3,399,357,11,670,57,8,10,8,25,15,26,0,1,6.41,89,-1.69,-0.36,3.05
451236,Andrey Santos,Chelsea,Sub,27,13,1371,1,0,4,0,7.8,2.44,0.6,11,2,797,718,8,989,50,20,14,2,13,18,2,0,1,6.41,90,-1.44,-0.6,3.04
403649,Rodrigo Muniz,Fulham,Sub,21,10,1084,1,0,2,0,7.4,3.51,0.13,32,5,132,56,8,332,13,2,78,5,21,24,12,0,1,6.4,42,-2.51,-0.13,3.64
419945,Merlin Rohl,Everton,Sub,16,6,753,1,0,0,0,7.5,0.93,0.33,11,1,169,131,6,315,31,4,15,3,20,9,15,0,1,6.4,78,0.07,-0.33,1.26
546622,Tom Edozie,Wolverhampton Wanderers,Sub,3,0,26,1,0,0,0,7.1,0.43,0.0,2,1,7,5,0,16,1,0,0,2,0,0,2,0,1,6.4,71,0.57,0.0,0.43
299271,Axel Tuanzebe,Burnley,DC,14,14,1290,1,0,1,0,7.7,0.52,0.04,2,1,569,481,0,724,19,11,22,0,13,83,0,0,1,6.37,85,0.48,-0.04,0.56
443815,Soungoutou Magassa,West Ham United,Sub,22,11,1060,1,0,4,0,8.0,0.55,0.13,7,2,405,327,5,594,55,16,11,5,17,14,6,0,1,6.35,81,0.45,-0.13,0.68
300359,Issa Diop,Fulham,DC,13,8,887,1,0,2,0,7.5,0.33,0.01,2,1,494,433,0,589,9,6,15,1,9,42,0,0,1,6.33,88,0.67,-0.01,0.34
515865,Josh King,Fulham,AMC,32,15,1400,1,0,4,0,7.8,2.84,0.61,26,11,348,278,15,607,35,3,3,16,13,14,19,0,1,6.29,80,-1.84,-0.61,3.45
443004,Simon Adingra,Sunderland,FWL,14,9,687,1,0,2,0,7.9,0.52,0.38,6,2,161,122,7,310,20,2,9,7,17,11,12,0,1,6.29,76,0.48,-0.38,0.9
342889,Matt O'Riley,Brighton & Hove Albion,AMC,6,2,230,1,0,0,0,7.3,1.02,0.09,4,2,70,61,4,108,8,0,2,0,2,2,1,0,1,6.28,87,-0.02,-0.09,1.11
424819,Lorenzo Lucca,Nottingham Forest,Sub,4,1,154,1,0,0,0,6.9,0.94,0.01,4,1,16,9,1,38,0,1,5,0,1,3,3,0,1,6.28,56,0.06,-0.01,0.95
518604,Josh Acheampong,Chelsea,DC,17,8,736,1,0,1,0,8.4,0.47,0.16,4,2,478,440,2,600,15,11,11,11,2,20,8,0,1,6.27,92,0.53,-0.16,0.63
142676,Josh Laurent,Burnley,MC,33,18,1925,1,0,7,1,8.2,0.94,0.38,14,4,642,501,12,925,70,27,26,9,31,39,15,0,1,6.25,78,0.06,-0.38,1.32
444334,Oliver Sonne,Burnley,DR,7,1,207,1,0,0,0,7.0,0.35,0.09,3,1,59,39,1,98,3,1,5,1,4,4,1,0,1,6.24,66,0.65,-0.09,0.44
401254,Liam Delap,Chelsea,Sub,28,12,1231,1,0,4,0,7.3,4.47,0.17,36,11,189,132,3,378,13,1,25,10,25,11,22,0,1,6.24,70,-3.47,-0.17,4.64
519565,Stefanos Tzimas,Brighton & Hove Albion,Sub,9,1,197,1,0,0,0,6.8,0.74,0.22,4,1,24,17,6,58,5,0,0,1,4,1,9,0,1,6.22,71,0.26,-0.22,0.96
401385,Fabio Carvalho,Brentford,AML,6,1,136,1,0,0,0,6.9,0.7,0.02,2,1,25,20,0,45,3,0,1,1,0,0,1,0,1,6.2,80,0.3,-0.02,0.72
135724,Harrison Reed,Fulham,Sub,7,1,129,1,0,0,0,7.0,0.1,0.4,2,1,43,40,3,54,3,0,1,0,2,1,0,0,1,6.19,93,0.9,-0.4,0.5
450950,Justin Devenny,Crystal Palace,Sub,21,7,903,1,0,0,0,6.8,2.6,0.42,13,4,253,185,7,455,44,1,8,3,11,12,11,0,1,6.15,73,-1.6,-0.42,3.02
296240,Yoane Wissa,Newcastle United,Sub,19,4,638,1,0,3,0,7.2,3.26,0.43,13,5,93,65,4,162,6,0,15,1,6,2,6,0,1,6.13,70,-2.26,-0.43,3.69
134695,Enes Unal,AFC Bournemouth,Sub,23,0,374,1,0,1,0,7.0,2.12,0.08,15,3,56,38,1,135,1,0,10,1,6,14,8,0,1,6.1,68,-1.12,-0.08,2.2
231135,Joachim Andersen,Fulham,DC,33,33,3115,0,1,7,1,8.3,1.33,1.47,16,4,2275,1958,7,2749,61,36,79,6,31,229,3,0,1,6.82,86,-1.33,-0.47,2.8
102248,Emiliano Martinez,Aston Villa,GK,32,32,3027,0,1,2,0,8.5,0.0,0.16,0,0,1211,893,2,1539,0,0,16,0,0,27,0,95,1,6.8,74,0.0,0.84,0.16
373946,Wesley Fofana,Chelsea,Sub,25,20,1880,0,1,9,2,8.2,0.4,0.33,8,1,1253,1154,3,1572,23,40,69,10,27,129,5,0,1,6.79,92,-0.4,0.67,0.73
322036,Ben White,Arsenal,DR,12,9,747,0,1,0,0,8.5,0.25,0.49,5,1,354,289,8,546,23,9,12,3,5,25,2,0,1,6.73,82,-0.25,0.51,0.74
331924,Aaron Wan-Bissaka,West Ham United,MR,25,23,2223,0,1,4,0,8.4,0.0,0.9,0,0,737,565,18,1359,40,40,22,16,23,94,15,0,1,6.7,77,0.0,0.1,0.9
415174,Tino Livramento,Newcastle United,DL,17,14,1447,0,1,1,0,7.3,0.13,0.86,3,0,653,580,10,1010,30,6,9,14,7,39,9,0,1,6.68,89,-0.13,0.14,0.99
345516,Vitalii Mykolenko,Everton,DL,33,33,3147,0,1,6,0,7.7,0.29,1.81,9,2,1188,948,22,2018,81,30,50,10,29,145,11,0,1,6.68,80,-0.29,-0.81,2.1
362151,Robert Sanchez,Chelsea,GK,35,35,3346,0,1,3,1,8.1,0.0,0.05,0,0,1305,871,5,1677,2,1,14,0,2,26,1,98,1,6.62,67,0.0,0.95,0.05
343501,Sandro Tonali,Newcastle United,MC,35,31,2669,0,1,4,0,7.8,1.73,2.51,37,8,1563,1319,32,2037,58,31,13,19,24,37,17,0,1,6.59,84,-1.73,-1.51,4.24
424945,Conor Bradley,Liverpool,Sub,15,12,976,0,1,5,0,7.5,0.23,0.74,6,0,492,413,4,812,34,13,15,7,18,29,11,0,1,6.58,84,-0.23,0.26,0.97
321020,Sander Berge,Fulham,DMC,35,34,3074,0,1,5,0,9.2,1.68,0.87,15,3,1729,1553,21,2076,68,25,50,9,35,50,20,0,1,6.57,90,-1.68,0.13,2.55
437449,Noah Sadiki,Sunderland,MC,33,33,3095,0,1,9,0,7.4,1.35,1.13,18,5,1106,944,19,1553,63,34,11,27,32,44,25,0,1,6.55,85,-1.35,-0.13,2.48
321085,Kristoffer Ajer,Brentford,Sub,27,20,1946,0,1,4,0,7.6,0.49,0.81,10,3,706,565,4,1027,45,18,60,3,23,119,6,0,1,6.55,80,-0.49,0.19,1.3
384134,Ian Maatsen,Aston Villa,Sub,30,17,1728,0,1,2,0,7.7,1.12,2.47,20,5,715,615,26,1274,67,19,18,21,17,64,23,0,1,6.53,86,-1.12,-1.47,3.59
409654,Pablo,West Ham United,Sub,14,10,865,0,1,0,0,8.0,1.01,0.82,12,3,201,148,14,366,34,4,21,9,23,12,17,0,1,6.51,74,-1.01,0.18,1.83
430709,Oscar Bobb,Manchester City,FWR,23,11,1126,0,1,1,0,7.9,1.15,1.74,12,3,401,344,22,633,28,9,6,27,9,3,23,0,1,6.5,86,-1.15,-0.74,2.89
369712,Florentino,Burnley,Sub,31,25,2207,0,1,6,0,7.7,0.97,0.39,13,2,1042,891,13,1431,126,41,24,7,40,56,17,0,1,6.47,86,-0.97,0.61,1.36
105172,James Ward-Prowse,West Ham United,MC,18,12,1175,0,1,1,0,7.8,0.19,1.97,5,2,614,545,23,831,26,20,10,2,8,17,4,0,1,6.46,89,-0.19,-0.97,2.16
392644,Jeremie Frimpong,Liverpool,DR,21,12,1146,0,1,1,0,7.2,0.45,1.29,10,2,441,373,15,737,23,6,7,18,8,13,17,0,1,6.45,85,-0.45,-0.29,1.74
69375,Nathaniel Clyne,Crystal Palace,Sub,10,7,621,0,1,1,0,7.8,0.27,0.54,3,0,184,147,3,302,21,5,2,4,4,26,1,0,1,6.43,80,-0.27,0.46,0.81
444751,Wilson Odobert,Tottenham Hotspur,Sub,24,10,1086,0,1,0,0,8.7,2.32,1.33,22,8,325,276,20,548,13,1,5,24,2,13,21,0,1,6.42,85,-2.32,-0.33,3.65
357427,Dwight McNeil,Everton,Sub,22,14,1225,0,1,1,0,7.3,1.52,1.46,24,5,324,264,15,556,35,10,7,7,11,13,19,0,1,6.42,81,-1.52,-0.46,2.98
361710,Jean-Clair Todibo,West Ham United,DC,23,22,1935,0,1,5,1,7.4,0.41,0.21,2,0,781,682,5,1032,44,17,25,4,8,98,1,0,1,6.41,87,-0.41,0.79,0.62
382590,Ilia Gruev,Leeds United,Sub,23,15,1428,0,1,3,0,8.1,0.73,0.54,7,1,584,523,11,748,43,15,14,6,16,19,5,0,1,6.41,90,-0.73,0.46,1.27
93894,Mateo Kovacic,Manchester City,Sub,6,1,168,0,1,0,0,7.0,0.15,0.49,2,0,148,135,4,179,2,2,0,2,0,4,5,0,1,6.35,91,-0.15,0.51,0.64
402130,Dilane Bakwa,Nottingham Forest,Sub,14,6,602,0,1,1,0,7.8,0.59,0.97,9,3,195,154,11,335,10,0,1,8,9,2,5,0,1,6.31,79,-0.59,0.03,1.56
401044,Destiny Udogie,Tottenham Hotspur,Sub,20,14,1426,0,1,4,0,7.0,0.18,0.97,4,1,585,500,12,901,43,7,8,6,17,25,12,0,1,6.29,85,-0.18,0.03,1.15
444791,Rico Lewis,Manchester City,DR,11,4,466,0,1,2,0,7.7,0.15,1.31,3,0,285,241,7,388,9,7,1,2,5,6,8,0,1,6.28,85,-0.15,-0.31,1.46
327682,Leon Bailey,Aston Villa,Sub,13,3,534,0,1,1,0,6.9,0.63,1.54,8,1,139,107,12,260,15,3,4,5,6,4,9,0,1,6.28,77,-0.63,-0.54,2.17
229562,Rico Henry,Brentford,DL,25,14,1453,0,1,2,0,7.3,0.17,0.5,5,0,481,370,4,818,23,8,19,15,15,41,9,0,1,6.27,77,-0.17,0.5,0.67
430350,Ben Gannon-Doak,AFC Bournemouth,Sub,8,0,176,0,1,0,0,7.0,0.49,0.16,3,1,48,37,1,83,9,1,1,2,3,0,0,0,1,6.25,77,-0.49,0.84,0.65
413211,Anthony Elanga,Newcastle United,FWR,32,14,1473,0,1,0,0,7.8,1.33,1.68,17,4,426,344,15,737,26,3,13,13,8,6,18,0,1,6.24,81,-1.33,-0.68,3.01
404109,Frank Onyeka,Brentford,Sub,6,0,129,0,1,0,0,6.7,0.0,0.27,0,0,36,28,1,55,4,0,1,2,3,3,0,0,1,6.22,78,0.0,0.73,0.27
307202,Jacob Bruun Larsen,Burnley,Sub,28,10,1145,0,1,0,0,7.2,1.52,1.19,17,4,292,238,12,505,17,6,11,10,1,13,11,0,1,6.19,82,-1.52,-0.19,2.71
439636,Wilfried Gnonto,Leeds United,FWL,23,4,678,0,1,3,0,6.8,0.41,0.92,10,0,218,167,9,368,22,3,1,5,7,12,9,0,1,6.19,77,-0.41,0.08,1.33
483208,Marc Guiu,Sunderland,Sub,10,1,330,0,1,1,0,6.9,1.8,0.29,13,2,32,22,3,72,2,0,5,1,10,4,1,0,1,6.14,69,-1.8,0.71,2.09
425576,James McAtee,Nottingham Forest,Sub,14,2,386,0,1,1,0,6.7,0.2,0.36,4,0,121,102,6,193,11,3,1,3,4,3,9,0,1,6.14,84,-0.2,0.64,0.56
544982,Fer Lopez,Wolverhampton Wanderers,Sub,9,2,284,0,1,1,0,6.7,0.28,0.65,5,1,103,75,3,157,3,0,2,3,6,1,6,0,1,6.04,73,-0.28,0.35,0.93
130304,Walter Benitez,Crystal Palace,GK,1,1,95,0,0,0,0,7.2,0.0,0.0,0,0,27,18,0,36,0,0,0,0,0,1,0,3,0,7.2,67,0.0,0.0,0.0
468845,Max Alleyne,Manchester City,DC,2,2,140,0,0,0,0,7.8,0.37,0.02,2,1,128,120,1,148,3,4,3,3,0,4,1,0,0,7.15,94,-0.37,-0.02,0.39
561659,Rio Cardines,Crystal Palace,DML,1,1,98,0,0,0,0,6.9,0.02,0.12,1,0,33,25,2,58,4,0,0,2,0,2,1,0,0,6.9,76,-0.02,-0.12,0.14
315543,Ola Aina,Nottingham Forest,DR,18,18,1680,0,0,3,0,7.7,0.41,0.84,12,1,629,533,9,1097,44,25,25,15,13,71,15,0,0,6.86,85,-0.41,-0.84,1.25
262515,Gianluigi Donnarumma,Manchester City,GK,34,34,3270,0,0,8,0,7.9,0.0,0.22,0,0,879,706,1,1160,1,1,16,2,0,43,0,78,0,6.83,80,0.0,-0.22,0.22
355609,Pascal Struijk,Leeds United,DC,34,33,3156,0,0,5,0,7.7,2.65,0.56,31,5,1839,1627,12,2296,56,31,110,4,27,207,8,0,0,6.82,88,-2.65,-0.56,3.21
404852,James Trafford,Manchester City,GK,4,4,391,0,0,0,0,7.8,0.0,0.0,0,0,118,87,0,158,2,0,1,1,0,6,0,14,0,6.8,74,0.0,0.0,0.0
342499,Ethan Pinnock,Brentford,DC,4,4,325,0,0,1,0,8.0,0.02,0.05,1,1,133,110,0,196,8,5,13,1,0,27,1,0,0,6.8,83,-0.02,-0.05,0.07
113880,Kepa Arrizabalaga,Arsenal,GK,1,1,98,0,0,0,0,6.8,0.0,0.0,0,0,20,15,0,33,0,0,1,0,0,3,0,2,0,6.8,75,0.0,0.0,0.0
82726,Fabian Schar,Newcastle United,DC,16,11,1185,0,0,1,0,8.0,1.09,0.37,17,4,796,672,4,976,20,18,46,0,15,71,1,0,0,6.79,84,-1.09,-0.37,1.46
493206,Abdukodir Khusanov,Manchester City,Sub,21,15,1541,0,0,2,0,7.9,0.57,0.28,7,1,1080,991,6,1304,30,33,15,7,14,56,2,0,0,6.79,92,-0.57,-0.28,0.85
260809,Olivier Boscagli,Brighton & Hove Albion,DC,12,9,866,0,0,2,0,8.0,0.04,0.35,1,0,754,652,4,904,21,18,17,2,7,42,1,0,0,6.75,86,-0.04,-0.35,0.39
46092,Martin Dubravka,Burnley,GK,35,35,3382,0,0,1,0,9.0,0.0,0.11,0,0,1204,701,0,1584,2,0,22,0,0,59,0,127,0,6.73,58,0.0,-0.11,0.11
425235,Melker Ellborg,Sunderland,GK,3,3,299,0,0,0,0,7.2,0.0,0.05,0,0,98,46,0,131,0,0,0,1,0,6,0,10,0,6.73,47,0.0,-0.05,0.05
330816,Kevin Danso,Tottenham Hotspur,Sub,24,17,1644,0,0,8,0,8.1,0.47,0.34,11,2,954,829,3,1305,36,25,79,2,21,135,4,0,0,6.71,87,-0.47,-0.34,0.81
421351,Levi Colwill,Chelsea,Sub,3,2,253,0,0,0,0,7.0,0.0,0.1,0,0,192,173,0,229,3,5,6,0,1,14,1,0,0,6.7,90,0.0,-0.1,0.1
426859,Max Weiss,Burnley,GK,3,3,292,0,0,0,0,6.9,0.0,0.01,0,0,112,68,1,146,0,0,1,0,0,4,1,10,0,6.7,61,0.0,-0.01,0.01
105720,Nick Pope,Newcastle United,GK,27,27,2602,0,0,2,0,8.0,0.09,0.02,1,1,610,368,0,989,1,0,15,0,1,35,0,89,0,6.69,60,-0.09,-0.02,0.11
322176,Caoimhin Kelleher,Brentford,GK,37,37,3571,0,0,1,0,8.4,0.0,0.24,0,0,1295,845,2,1675,2,1,7,3,3,47,0,110,0,6.69,65,0.0,-0.24,0.24
340105,Lisandro Martinez,Manchester United,Sub,18,13,1376,0,0,0,1,7.6,0.14,0.43,5,0,939,844,5,1109,22,12,12,14,9,62,2,0,0,6.69,90,-0.14,-0.43,0.57
333182,Jorge Cuenca,Fulham,DC,15,11,1011,0,0,6,0,7.4,0.06,0.46,1,0,626,553,3,774,20,16,17,2,10,75,0,0,0,6.67,88,-0.06,-0.46,0.52
361812,Reinildo Mandava,Sunderland,DL,25,23,2180,0,0,7,1,7.6,0.14,0.31,4,0,814,699,6,1269,55,31,34,15,32,81,13,0,0,6.66,86,-0.14,-0.31,0.45
70483,Karl Darlow,Leeds United,GK,22,22,2139,0,0,1,0,8.1,0.0,0.12,0,0,846,492,0,1071,1,0,6,1,0,29,0,63,0,6.66,58,0.0,-0.12,0.12
406564,Djordje Petrovic,AFC Bournemouth,GK,38,38,3672,0,0,3,0,7.8,0.0,0.01,0,0,901,580,0,1318,3,0,20,0,0,62,0,109,0,6.65,64,0.0,-0.01,0.01
422814,Robin Roefs,Sunderland,GK,35,35,3380,0,0,4,0,8.7,0.0,0.17,0,0,1321,841,5,1690,2,0,24,1,0,37,0,109,0,6.65,64,0.0,-0.17,0.17
428694,Jenson Seelt,Sunderland,DC,2,1,144,0,0,0,0,6.8,0.0,0.0,0,0,109,96,0,128,5,0,5,0,1,7,1,0,0,6.65,88,0.0,0.0,0.0
276366,David Raya,Arsenal,GK,37,37,3573,0,0,1,0,8.2,0.0,0.17,0,0,1091,707,3,1438,1,1,10,1,0,37,0,60,0,6.65,65,0.0,-0.17,0.17
330549,Gabriel Gudmundsson,Leeds United,DL,32,31,2842,0,0,6,1,8.2,0.67,3.0,18,3,957,730,21,1741,95,27,18,39,31,83,26,0,0,6.65,76,-0.67,-3.0,3.67
78386,Matz Sels,Nottingham Forest,GK,31,30,2848,0,0,2,0,7.9,0.0,0.12,0,0,784,448,1,1038,3,0,5,0,0,26,0,95,0,6.64,57,0.0,-0.12,0.12
304008,Dean Henderson,Crystal Palace,GK,37,37,3576,0,0,5,0,9.0,0.0,0.18,0,0,1115,599,1,1458,1,2,17,1,2,54,0,106,0,6.64,54,0.0,-0.18,0.18
349932,Noussair Mazraoui,Manchester United,Sub,20,11,1062,0,0,3,0,7.7,0.25,0.2,5,0,543,474,6,801,31,14,18,8,12,54,4,0,0,6.64,87,-0.25,-0.2,0.45
425060,Yerson Mosquera,Wolverhampton Wanderers,DC,27,24,2261,0,0,11,0,7.8,2.83,0.78,30,6,796,641,11,1405,79,30,47,9,34,114,5,0,0,6.64,81,-2.83,-0.78,3.61
401633,Giorgi Mamardashvili,Liverpool,GK,10,10,927,0,0,0,0,7.7,0.0,0.01,0,0,287,202,0,397,2,1,2,0,1,9,0,34,0,6.64,70,0.0,-0.01,0.01
141169,Timothy Castagne,Fulham,Sub,30,20,2008,0,0,4,0,7.5,1.0,1.35,14,6,796,687,18,1218,45,31,27,3,18,65,2,0,0,6.6,86,-1.0,-1.35,2.35
92516,Alphonse Areola,West Ham United,GK,20,20,1922,0,0,0,0,9.1,0.0,0.02,0,0,541,252,1,762,0,1,5,0,1,29,0,77,0,6.6,47,0.0,-0.02,0.02
300426,Axel Disasi,West Ham United,DC,14,14,1336,0,0,1,0,7.6,0.93,0.02,5,3,566,490,1,711,15,13,18,2,5,49,3,0,0,6.6,87,-0.93,-0.02,0.95
136466,Freddie Woodman,Liverpool,Sub,3,2,237,0,0,0,0,7.2,0.0,0.0,0,0,79,45,0,106,0,1,0,0,0,3,0,9,0,6.6,57,0.0,0.0,0.0
92173,Bernd Leno,Fulham,GK,38,38,3658,0,0,3,0,7.8,0.0,0.04,0,0,1394,1078,0,1776,4,1,21,0,0,45,0,98,0,6.59,77,0.0,-0.04,0.04
319785,Nikola Milenkovic,Nottingham Forest,DC,38,37,3600,0,0,6,0,8.3,1.06,0.67,16,1,1538,1332,3,1979,41,29,89,3,21,218,2,0,0,6.59,87,-1.06,-0.67,1.73
122714,Jose Sa,Wolverhampton Wanderers,GK,23,23,2214,0,0,2,0,9.1,0.0,0.18,0,0,694,416,1,957,1,0,17,0,0,47,0,65,0,6.59,60,0.0,-0.18,0.18
114147,Alisson Becker,Liverpool,GK,26,26,2536,0,0,1,0,7.8,0.0,0.07,0,0,815,644,0,1064,1,0,6,0,1,37,0,57,0,6.58,79,0.0,-0.07,0.07
301440,Ezri Konsa,Aston Villa,DC,34,34,3268,0,0,0,1,7.7,0.74,0.27,11,2,2098,2003,5,2442,26,23,32,8,11,122,6,0,0,6.58,95,-0.74,-0.27,1.01
425591,Cristhian Mosquera,Arsenal,Sub,20,9,1094,0,0,4,0,7.5,0.02,0.47,1,0,633,578,5,819,37,8,20,1,17,47,8,0,0,6.58,91,-0.02,-0.47,0.49
136464,Tosin Adarabioyo,Chelsea,DC,16,8,877,0,0,2,0,7.9,0.04,0.37,2,0,757,685,1,874,19,9,41,0,6,66,1,0,0,6.58,90,-0.04,-0.37,0.41
467968,Bashir Humphreys,Burnley,Sub,20,17,1678,0,0,6,0,7.7,0.67,0.61,9,3,851,697,9,1162,44,11,26,6,14,84,6,0,0,6.58,82,-0.67,-0.61,1.28
531676,Jaydee Canvot,Crystal Palace,Sub,20,14,1449,0,0,3,0,8.1,1.4,0.19,7,1,765,675,3,1032,58,12,37,2,12,103,5,0,0,6.58,88,-1.4,-0.19,1.59
83078,Kieran Trippier,Newcastle United,DR,21,18,1682,0,0,3,0,7.9,0.11,1.71,2,0,1061,861,28,1483,54,10,24,4,22,48,6,0,0,6.57,81,-0.11,-1.71,1.82
400138,Bart Verbruggen,Brighton & Hove Albion,GK,38,38,3670,0,0,3,0,7.7,0.0,0.17,0,0,1549,1178,1,1869,3,0,11,1,2,32,0,106,0,6.57,76,0.0,-0.17,0.17
402184,Senne Lammens,Manchester United,GK,32,32,3085,0,0,0,0,7.9,0.0,0.02,0,0,941,556,0,1180,2,0,7,0,0,26,0,79,0,6.57,59,0.0,-0.02,0.02
133569,Stefan Ortega,Nottingham Forest,GK,3,3,291,0,0,0,0,7.0,0.0,0.02,0,0,68,47,0,81,0,0,1,0,0,1,0,8,0,6.57,69,0.0,-0.02,0.02
399619,Hjalmar Ekdal,Burnley,DC,19,17,1640,0,0,0,0,7.8,0.37,0.26,6,1,681,579,4,926,28,12,52,2,5,125,4,0,0,6.56,85,-0.37,-0.26,0.63
517341,Ayden Heaven,Manchester United,Sub,17,11,999,0,0,2,0,7.6,0.4,0.14,3,0,494,447,2,631,27,1,18,6,7,60,1,0,0,6.56,90,-0.4,-0.14,0.54
404749,Filip Jorgensen,Chelsea,Sub,5,3,416,0,0,0,0,7.1,0.0,0.0,0,0,171,130,0,212,0,1,2,1,0,2,1,8,0,6.56,76,0.0,0.0,0.0
147863,Guglielmo Vicario,Tottenham Hotspur,GK,31,31,2983,0,0,1,0,8.0,0.0,0.07,0,0,1071,718,1,1365,2,0,12,0,0,37,0,83,0,6.55,67,0.0,-0.07,0.07
344166,Daichi Kamada,Crystal Palace,AMC,28,22,2001,0,0,3,0,7.8,1.33,2.55,19,4,825,693,20,1158,87,14,14,12,30,23,16,0,0,6.55,84,-1.33,-2.55,3.88
409426,Mads Hermansen,West Ham United,GK,18,18,1737,0,0,0,0,7.7,0.0,0.09,0,0,593,345,2,804,0,0,10,0,0,20,0,55,0,6.54,58,0.0,-0.09,0.09
414233,Maxime Esteve,Burnley,DC,34,34,3123,0,0,1,0,7.7,0.47,0.54,10,1,1346,1169,7,1786,59,37,80,3,13,221,3,0,0,6.54,87,-0.47,-0.54,1.01
402810,Emmanuel Agbadou,Wolverhampton Wanderers,DC,14,12,1242,0,0,1,1,7.7,0.41,0.3,10,3,659,547,4,872,39,13,26,4,10,65,5,0,0,6.53,83,-0.41,-0.3,0.71
368547,Ki-Jana Hoever,Wolverhampton Wanderers,DMR,8,6,437,0,0,0,0,7.0,0.02,0.39,1,1,154,106,5,284,16,6,6,5,3,20,3,0,0,6.53,69,-0.02,-0.39,0.41
110189,Jordan Pickford,Everton,GK,38,38,3655,0,0,4,0,8.5,0.0,0.32,0,0,1439,886,2,1764,3,0,5,0,1,52,0,100,0,6.53,62,0.0,-0.32,0.32
436501,Lucas Pires,Burnley,Sub,20,15,1591,0,0,1,1,7.6,0.83,1.13,16,4,560,470,20,960,50,20,3,18,15,39,12,0,0,6.53,84,-0.83,-1.13,1.96
123167,Tyrone Mings,Aston Villa,DC,17,15,1423,0,0,1,0,7.8,1.16,0.28,9,1,936,842,5,1109,7,11,40,2,10,83,3,0,0,6.52,90,-1.16,-0.28,1.44
416208,Tim Iroegbunam,Everton,DMC,29,17,1603,0,0,9,0,7.4,0.57,0.49,12,1,490,399,8,796,75,22,22,15,29,9,28,0,0,6.51,81,-0.57,-0.49,1.06
366875,Bafode Diakite,AFC Bournemouth,DC,18,15,1385,0,0,1,0,7.3,0.02,0.11,1,0,749,659,3,922,23,12,35,0,8,83,1,0,0,6.5,88,-0.02,-0.11,0.13
344259,Pau Torres,Aston Villa,DC,21,18,1797,0,0,1,0,7.2,0.94,0.26,9,1,1168,1040,1,1351,31,11,25,7,7,61,4,0,0,6.5,89,-0.94,-0.26,1.2
606073,Djiamgone Jocelin Ta Bi,Sunderland,MR,1,1,38,0,0,0,0,6.5,0.0,0.08,0,0,2,2,0,18,1,0,0,2,0,0,1,0,0,6.5,100,0.0,-0.08,0.08
609224,Jesse Derry,Chelsea,AML,1,1,53,0,0,0,0,6.5,0.11,0.02,2,1,13,12,0,25,1,0,1,0,0,0,1,0,0,6.5,92,-0.11,-0.02,0.13
105603,Sam Johnstone,Wolverhampton Wanderers,GK,12,12,1154,0,0,0,0,6.9,0.0,0.03,0,0,438,245,0,576,2,0,3,0,0,24,0,39,0,6.48,56,0.0,-0.03,0.03
273257,Oleksandr Zinchenko,Nottingham Forest,DL,5,4,375,0,0,0,0,7.0,0.1,0.24,4,2,254,230,5,360,19,2,4,1,1,11,1,0,0,6.48,91,-0.1,-0.24,0.34
362219,Djed Spence,Tottenham Hotspur,DL,30,23,2221,0,0,4,0,8.0,0.74,1.54,13,8,882,713,10,1494,54,18,23,33,28,52,29,0,0,6.47,81,-0.74,-1.54,2.28
136456,Lewis Cook,AFC Bournemouth,Sub,18,8,992,0,0,1,1,7.5,0.06,0.37,3,0,498,429,11,685,32,24,9,3,8,26,3,0,0,6.47,86,-0.06,-0.37,0.43
396975,Nathan Patterson,Everton,Sub,7,3,273,0,0,0,0,7.2,0.02,0.01,1,1,84,64,0,148,14,2,7,1,2,17,1,0,0,6.47,76,-0.02,-0.01,0.03
94042,Matt Doherty,Wolverhampton Wanderers,DC,11,11,806,0,0,4,0,6.9,0.06,0.17,3,0,298,240,3,428,26,7,21,2,16,37,3,0,0,6.45,81,-0.06,-0.17,0.23
315714,Joe Worrall,Burnley,Sub,11,5,574,0,0,0,0,7.1,0.02,0.01,1,0,155,125,0,253,6,5,21,0,4,60,0,0,0,6.45,81,-0.02,-0.01,0.03
459708,Ollie Scarles,West Ham United,DR,13,9,713,0,0,2,0,7.5,0.13,0.12,3,0,275,221,5,501,39,13,7,2,7,30,0,0,0,6.45,80,-0.13,-0.12,0.25
316858,Aaron Ramsdale,Newcastle United,Sub,12,11,1101,0,0,2,0,7.2,0.0,0.01,0,0,400,267,1,507,0,0,5,0,0,10,0,25,0,6.44,67,0.0,-0.01,0.01
429534,Freddie Potts,West Ham United,Sub,22,12,1250,0,0,1,0,7.4,0.17,0.85,3,1,530,443,8,727,37,17,20,2,15,31,5,0,0,6.43,84,-0.17,-0.85,1.02
510940,Veljko Milosavljevic,AFC Bournemouth,DC,7,4,393,0,0,0,0,7.0,0.2,0.09,1,0,190,160,1,248,7,4,11,1,0,25,1,0,0,6.43,84,-0.2,-0.09,0.29
457006,Antonin Kinsky,Tottenham Hotspur,GK,7,7,696,0,0,1,0,7.2,0.0,0.0,0,0,218,137,0,261,0,0,3,0,0,10,0,10,0,6.43,63,0.0,0.0,0.0
437299,Leny Yoro,Manchester United,DC,32,18,1888,0,0,1,0,7.5,1.06,0.49,9,3,987,873,4,1240,40,31,44,2,17,85,5,0,0,6.41,88,-1.06,-0.49,1.55
345441,Lutsharel Geertruida,Sunderland,Sub,28,17,1857,0,0,2,0,7.3,0.86,0.83,11,3,743,640,8,1008,49,19,12,7,15,47,3,0,0,6.41,86,-0.86,-0.83,1.69
408962,Manuel Ugarte,Manchester United,Sub,22,8,1002,0,0,1,0,7.5,0.8,0.07,13,1,502,427,3,700,62,20,11,7,24,20,11,0,0,6.4,85,-0.8,-0.07,0.87
122980,Arthur Masuaku,Sunderland,Sub,3,2,131,0,0,1,0,6.9,0.06,0.08,1,0,48,39,1,88,7,2,1,2,3,4,1,0,0,6.4,81,-0.06,-0.08,0.14
454342,Chadi Riad,Crystal Palace,Sub,9,6,587,0,0,2,0,6.9,0.56,0.09,4,2,374,323,1,460,14,6,13,1,5,28,3,0,0,6.4,86,-0.56,-0.09,0.65
83824,Marco Bizot,Aston Villa,GK,7,6,627,0,0,2,0,7.5,0.0,0.0,0,0,241,184,0,312,0,0,1,0,1,10,0,19,0,6.39,76,0.0,0.0,0.0
368310,Maximilian Kilman,West Ham United,DC,21,17,1681,0,0,4,0,7.4,0.88,0.3,7,1,687,604,4,916,23,9,47,4,16,111,5,0,0,6.39,88,-0.88,-0.3,1.18
431283,Toti Gomes,Wolverhampton Wanderers,DC,19,17,1564,0,0,2,1,7.4,0.65,0.16,5,2,816,701,6,1058,27,14,24,10,11,95,5,0,0,6.39,86,-0.65,-0.16,0.81
436048,Carlos Baleba,Brighton & Hove Albion,DMC,31,23,1721,0,0,5,0,7.3,1.02,0.49,20,2,748,644,9,1047,55,29,29,12,31,32,19,0,0,6.38,86,-1.02,-0.49,1.51
122945,Nathan Ake,Manchester City,Sub,18,6,777,0,0,1,0,7.6,0.55,0.39,6,1,496,440,7,608,10,5,18,0,3,31,0,0,0,6.38,89,-0.55,-0.39,0.94
443064,Nilson Angulo,Sunderland,Sub,8,5,426,0,0,1,0,7.0,0.83,0.1,7,3,78,57,3,179,14,5,5,7,11,11,5,0,0,6.38,73,-0.83,-0.1,0.93
454750,Zach Abbott,Nottingham Forest,Sub,3,2,172,0,0,0,0,6.6,0.0,0.0,0,0,62,44,0,107,4,1,6,1,3,7,2,0,0,6.37,71,0.0,0.0,0.0
394888,Luca Netz,Nottingham Forest,Sub,7,3,399,0,0,0,0,7.0,0.0,0.31,0,0,100,83,2,163,14,3,2,2,5,9,0,0,0,6.37,83,0.0,-0.31,0.31
69877,Adam Smith,AFC Bournemouth,DR,22,14,1158,0,0,3,0,7.5,0.0,0.28,0,0,363,283,5,573,30,8,14,1,19,38,2,0,0,6.34,78,0.0,-0.28,0.28
108638,Will Hughes,Crystal Palace,MC,31,19,1687,0,0,7,0,7.2,1.34,1.84,17,0,678,551,21,949,42,15,17,11,23,28,14,0,0,6.34,81,-1.34,-1.84,3.18
467715,Jorrel Hato,Chelsea,Sub,22,12,1258,0,0,7,0,6.9,0.21,0.69,4,0,761,700,8,993,48,18,16,7,15,39,4,0,0,6.34,92,-0.21,-0.69,0.9
364235,Sebastiaan Bornauw,Leeds United,Sub,12,5,468,0,0,1,0,7.2,0.09,0.0,1,0,146,121,0,224,11,5,11,1,7,30,1,0,0,6.34,83,-0.09,0.0,0.09
390876,Dennis Cirkin,Sunderland,DL,8,3,354,0,0,2,0,7.5,0.09,0.02,1,0,99,77,0,177,10,5,5,3,4,14,5,0,0,6.34,78,-0.09,-0.02,0.11
429683,Diego Coppola,Brighton & Hove Albion,Sub,5,2,212,0,0,2,0,7.6,0.0,0.0,0,0,114,101,0,142,4,1,10,1,4,13,0,0,0,6.32,89,0.0,0.0,0.0
443545,Jair Cunha,Nottingham Forest,DC,9,6,561,0,0,0,0,6.9,0.49,0.09,3,1,221,177,1,304,14,5,5,2,0,31,1,0,0,6.32,80,-0.49,-0.09,0.58
307564,Lucas Perri,Leeds United,GK,16,16,1548,0,0,2,0,7.2,0.0,0.01,0,0,559,298,0,699,0,0,5,0,1,16,0,38,0,6.31,53,0.0,-0.01,0.01
408580,Jackson Tchatchoua,Wolverhampton Wanderers,Sub,31,19,2005,0,0,3,0,7.0,0.13,2.02,2,1,542,413,21,945,43,15,23,5,8,57,7,0,0,6.31,76,-0.13,-2.02,2.15
86829,Wataru Endo,Liverpool,Sub,8,1,219,0,0,1,0,7.1,0.09,0.05,1,0,94,80,1,140,9,0,8,0,2,13,1,0,0,6.3,85,-0.09,-0.05,0.14
377271,Sasa Kalajdzic,Wolverhampton Wanderers,Sub,1,0,21,0,0,0,0,6.3,0.0,0.04,0,0,5,4,0,11,0,1,2,0,0,0,1,0,0,6.3,80,0.0,-0.04,0.04
607348,Jerome Abbey,Wolverhampton Wanderers,Sub,1,0,24,0,0,0,0,6.3,0.0,0.0,0,0,5,1,0,9,1,1,2,0,0,0,0,0,0,6.3,20,0.0,0.0,0.0
365406,Benoit Badiashile,Chelsea,Sub,8,6,512,0,0,2,0,6.9,0.0,0.05,0,0,439,408,0,499,8,10,8,0,6,27,0,0,0,6.29,93,0.0,-0.05,0.05
400097,Radu Dragusin,Tottenham Hotspur,Sub,10,5,576,0,0,0,0,7.0,0.21,0.01,4,0,239,186,0,347,8,16,19,1,9,46,2,0,0,6.29,78,-0.21,-0.01,0.22
467918,Myles Lewis-Skelly,Arsenal,Sub,20,5,829,0,0,3,0,7.1,0.08,0.12,2,0,382,350,4,507,12,5,6,8,10,11,7,0,0,6.28,92,-0.08,-0.12,0.2
471696,Romelle Donovan,Brentford,Sub,4,0,70,0,0,0,0,6.4,0.16,0.02,3,1,16,9,1,34,1,0,0,5,2,0,2,0,0,6.28,56,-0.16,-0.02,0.18
563779,Shea Lacey,Manchester United,Sub,3,0,58,0,0,0,0,6.5,0.13,0.01,4,1,11,9,0,27,1,0,0,1,2,0,1,0,0,6.27,82,-0.13,-0.01,0.14
391348,Charly Alcaraz,Everton,AMR,20,6,777,0,0,4,0,7.0,1.2,0.48,20,5,307,251,10,454,26,3,14,7,10,7,9,0,0,6.26,82,-1.2,-0.48,1.68
100008,Victor Lindelof,Aston Villa,Sub,17,11,1032,0,0,0,0,6.9,0.35,0.04,3,0,639,602,2,717,9,8,11,0,2,34,2,0,0,6.26,94,-0.35,-0.04,0.39
438067,Tyler Dibling,Everton,Sub,14,4,412,0,0,2,0,7.1,0.19,0.19,4,0,102,88,4,211,13,6,2,13,11,4,10,0,0,6.26,86,-0.19,-0.19,0.38
303096,Yves Bissouma,Tottenham Hotspur,Sub,11,7,634,0,0,4,0,7.4,0.28,0.07,5,2,316,278,0,408,20,9,5,3,8,14,4,0,0,6.26,88,-0.28,-0.07,0.35
342564,Reiss Nelson,Brentford,Sub,10,0,189,0,0,0,0,6.6,0.97,0.07,5,1,74,68,2,115,6,0,0,5,0,2,4,0,0,6.25,92,-0.97,-0.07,1.04
134373,Luke O'Nien,Sunderland,Sub,12,5,660,0,0,1,1,7.1,0.14,0.1,4,1,245,205,2,363,7,6,9,1,6,30,1,0,0,6.24,84,-0.14,-0.1,0.24
402367,Aaron Hickey,Brentford,Sub,21,8,773,0,0,1,0,7.0,0.51,0.04,6,1,286,239,0,449,21,8,9,0,7,23,5,0,0,6.23,84,-0.51,-0.04,0.55
456771,Ethan Nwaneri,Arsenal,Sub,6,0,207,0,0,0,0,6.7,0.28,0.08,6,0,87,79,1,121,4,0,1,3,2,1,2,0,0,6.23,91,-0.28,-0.08,0.36
533128,Jack Fletcher,Manchester United,Sub,3,0,125,0,0,0,0,6.3,0.06,0.04,1,0,45,37,2,63,5,1,1,0,2,0,4,0,0,6.23,82,-0.06,-0.04,0.1
411914,Dario Essugo,Chelsea,Sub,3,0,48,0,0,2,0,6.5,0.0,0.0,0,0,25,21,0,39,8,0,1,2,3,1,2,0,0,6.23,84,0.0,0.0,0.0
535879,Harrison Armstrong,Everton,Sub,13,6,572,0,0,0,0,6.8,0.38,0.19,5,2,206,166,4,294,16,4,6,1,6,8,8,0,0,6.22,81,-0.38,-0.19,0.57
101374,John Stones,Manchester City,DC,9,5,478,0,0,0,0,7.3,0.0,0.05,0,0,302,282,1,351,4,3,11,2,0,21,1,0,0,6.21,93,0.0,-0.05,0.05
101856,Christian Nrgaard,Arsenal,Sub,7,1,142,0,0,0,0,6.6,0.08,0.03,2,1,61,51,0,90,7,0,2,0,3,8,1,0,0,6.21,84,-0.08,-0.03,0.11
338497,Angel Gomes,Wolverhampton Wanderers,DMC,12,7,491,0,0,1,0,6.7,0.26,0.18,6,2,188,161,6,266,14,0,2,4,7,4,4,0,0,6.21,86,-0.26,-0.18,0.44
362551,Hamed Traore,AFC Bournemouth,Sub,1,0,23,0,0,0,0,6.2,0.0,0.0,0,0,2,2,1,7,1,0,0,0,0,1,0,0,0,6.2,100,0.0,0.0,0.0
444826,Jota Silva,Nottingham Forest,Sub,1,0,16,0,0,0,0,6.2,0.0,0.0,0,0,2,2,0,8,2,0,0,0,0,1,0,0,0,6.2,100,0.0,0.0,0.0
451945,Andy Irving,West Ham United,Sub,7,2,184,0,0,0,0,6.6,0.0,0.15,0,0,92,82,3,129,7,1,0,0,1,0,2,0,0,6.19,89,0.0,-0.15,0.15
523597,Tyrique George,Chelsea,Sub,15,1,472,0,0,2,0,6.6,0.59,1.02,10,5,111,89,3,193,8,2,1,7,9,0,9,0,0,6.17,80,-0.59,-1.02,1.61
134543,Dan Bentley,Wolverhampton Wanderers,GK,3,3,292,0,0,0,0,6.2,0.0,0.01,0,0,88,44,0,122,0,0,1,0,0,5,0,7,0,6.17,50,0.0,-0.01,0.01
425319,Romeo Lavia,Chelsea,Sub,12,4,441,0,0,0,0,6.5,0.13,0.34,3,0,284,263,1,349,8,5,3,3,8,4,6,0,0,6.16,93,-0.13,-0.34,0.47
104058,Niclas Fullkrug,West Ham United,FW,8,5,438,0,0,0,0,7.1,0.84,0.31,9,3,93,57,7,144,3,2,18,0,11,4,6,0,0,6.15,61,-0.84,-0.31,1.15
408946,Lamare Bogarde,Aston Villa,Sub,28,11,1181,0,0,5,0,7.0,0.0,0.08,0,0,505,453,2,674,31,5,9,2,17,23,10,0,0,6.14,90,0.0,-0.08,0.08
363982,Harvey Elliott,Liverpool,Sub,5,1,140,0,0,0,0,6.3,0.27,0.03,5,0,82,69,1,105,0,0,1,0,0,1,0,0,0,6.14,84,-0.27,-0.03,0.3
361707,Altay Bayindir,Manchester United,GK,6,6,581,0,0,0,0,6.7,0.0,0.05,0,0,177,107,1,225,1,0,1,1,0,7,0,13,0,6.13,60,0.0,-0.05,0.05
270829,Borna Sosa,Crystal Palace,Sub,7,0,144,0,0,1,0,6.5,0.06,0.12,1,0,41,26,2,73,3,2,3,0,4,4,0,0,0,6.13,63,-0.06,-0.12,0.18
382241,Igor Julio,West Ham United,Sub,4,1,129,0,0,0,0,6.3,0.0,0.0,0,0,22,16,1,43,0,1,0,0,1,10,0,0,0,6.12,73,0.0,0.0,0.0
547084,Ezra Mayers,West Ham United,Sub,6,0,153,0,0,0,0,6.3,0.09,0.38,1,0,81,68,2,101,0,1,3,1,0,4,1,0,0,6.12,84,-0.09,-0.38,0.47
302313,Daniel James,Leeds United,FWR,19,6,644,0,0,0,0,6.6,0.97,0.54,14,3,119,72,9,259,15,1,7,6,1,8,4,0,0,6.11,61,-0.97,-0.54,1.51
317896,Jack Harrison,Leeds United,Sub,11,1,323,0,0,0,0,6.8,0.55,0.27,6,2,116,92,2,184,8,4,1,3,1,2,0,0,0,6.11,79,-0.55,-0.27,0.82
450254,Romaine Mundle,Sunderland,Sub,14,2,482,0,0,1,0,6.8,0.78,0.52,7,2,104,89,1,208,12,1,5,7,7,6,14,0,0,6.11,86,-0.78,-0.52,1.3
422921,Antoni Milambo,Brentford,AMC,1,1,45,0,0,0,0,6.1,0.0,0.01,0,0,11,8,0,19,3,0,2,0,0,0,0,0,0,6.1,73,0.0,-0.01,0.01
303876,Guido Rodriguez,West Ham United,MC,6,2,202,0,0,1,0,6.3,0.06,0.02,1,0,76,68,0,100,5,2,2,0,2,2,0,0,0,6.1,89,-0.06,-0.02,0.08
118303,Sam Byram,Leeds United,Sub,2,0,24,0,0,0,0,6.3,0.0,0.0,0,0,6,3,0,10,1,0,0,0,1,2,0,0,0,6.1,50,0.0,0.0,0.0
136462,Patrick Roberts,Sunderland,Sub,1,0,38,0,0,0,0,6.1,0.06,0.01,1,0,20,16,0,23,0,0,0,1,0,0,0,0,0,6.1,80,-0.06,-0.01,0.07
317504,Odsonne Edouard,Crystal Palace,Sub,1,0,8,0,0,0,0,6.1,0.0,0.0,0,0,0,0,0,5,1,0,0,0,0,0,0,0,0,6.1,,0.0,0.0,0.0
478319,Luis Guilherme,West Ham United,Sub,5,1,147,0,0,0,0,6.5,0.05,0.03,1,0,30,27,1,50,2,0,0,2,0,2,5,0,0,6.1,90,-0.05,-0.03,0.08
105171,Jamaal Lascelles,Newcastle United,Sub,2,0,34,0,0,0,0,6.1,0.06,0.0,1,0,8,6,0,14,0,0,1,0,0,4,0,0,0,6.1,75,-0.06,0.0,0.06
399427,Dan Neil,Sunderland,Sub,3,0,25,0,0,0,0,6.2,0.0,0.0,0,0,9,8,0,14,0,1,0,0,0,1,0,0,0,6.1,89,0.0,0.0,0.0
437381,Tawanda Chirewa,Wolverhampton Wanderers,Sub,2,0,41,0,0,0,0,6.2,0.0,0.0,0,0,3,3,0,10,4,0,0,0,3,1,0,0,0,6.1,100,0.0,0.0,0.0
511560,Mohamadou Kante,West Ham United,Sub,11,0,130,0,0,2,0,6.4,0.1,0.04,2,0,31,22,1,57,10,0,2,1,4,2,4,0,0,6.1,71,-0.1,-0.04,0.14
576821,Divine Mukasa,Manchester City,Sub,2,0,38,0,0,0,0,6.2,0.0,0.17,0,0,19,18,2,23,1,0,0,0,1,0,2,0,0,6.1,95,0.0,-0.17,0.17
345303,Tyrell Malacia,Manchester United,Sub,3,0,39,0,0,0,0,6.2,0.0,0.0,0,0,13,11,0,23,3,0,0,0,0,1,1,0,0,6.1,85,0.0,0.0,0.0
455860,Tyler Fredricson,Manchester United,Sub,1,0,10,0,0,0,0,6.1,0.0,0.0,0,0,1,0,0,3,0,0,0,0,0,2,0,0,0,6.1,0,0.0,0.0,0.0
540468,Jamaldeen Jimoh-Aloba,Aston Villa,Sub,1,0,17,0,0,0,0,6.1,0.0,0.0,0,0,7,6,0,11,0,0,0,0,0,0,0,0,0,6.1,86,0.0,0.0,0.0
559774,Bendito Mantato,Manchester United,Sub,1,0,22,0,0,0,0,6.1,0.0,0.01,0,0,5,5,1,8,0,0,0,0,0,0,0,0,0,6.1,100,0.0,-0.01,0.01
532920,Pedro Lima,Wolverhampton Wanderers,Sub,9,3,299,0,0,0,0,6.4,0.45,0.35,4,1,55,35,3,136,12,5,2,1,5,6,4,0,0,6.1,64,-0.45,-0.35,0.8
492690,Alex Murphy,Newcastle United,Sub,2,0,22,0,0,0,0,6.2,0.0,0.0,0,0,7,7,0,13,0,1,0,0,0,2,0,0,0,6.1,100,0.0,0.0,0.0
318896,Angus Gunn,Nottingham Forest,Sub,1,0,48,0,0,0,0,6.1,0.0,0.0,0,0,19,6,0,21,0,0,0,0,0,1,0,0,0,6.1,32,0.0,0.0,0.0
572655,Jun'ai Byfield,Tottenham Hotspur,Sub,1,0,10,0,0,0,0,6.1,0.0,0.0,0,0,5,4,0,7,0,0,1,0,0,0,0,0,0,6.1,80,0.0,0.0,0.0
558409,Harry Howell,Brighton & Hove Albion,AMR,3,1,107,0,0,0,0,6.2,0.0,0.01,0,0,34,29,0,56,3,0,2,2,0,3,2,0,0,6.1,85,0.0,-0.01,0.01
520919,Alysson Edward,Aston Villa,Sub,3,0,70,0,0,0,0,6.2,0.05,0.04,1,0,17,14,0,30,0,1,0,2,0,0,0,0,0,6.1,82,-0.05,-0.04,0.09
545661,Callum Olusesi,Tottenham Hotspur,Sub,1,0,21,0,0,0,0,6.1,0.0,0.0,0,0,8,8,0,9,0,0,0,0,0,0,0,0,0,6.1,100,0.0,0.0,0.0
549079,Souza,Tottenham Hotspur,Sub,4,2,155,0,0,1,0,6.2,0.02,0.04,1,1,27,25,3,49,3,2,0,0,3,4,1,0,0,6.08,93,-0.02,-0.04,0.06
122926,Solly March,Brighton & Hove Albion,Sub,4,0,67,0,0,0,0,6.4,0.06,0.02,1,1,12,9,0,27,3,0,0,0,0,0,2,0,0,6.07,75,-0.06,-0.02,0.08
137015,James Maddison,Tottenham Hotspur,Sub,3,0,70,0,0,0,0,6.1,0.41,0.04,2,0,37,35,0,54,2,0,0,0,1,0,1,0,0,6.07,95,-0.41,-0.04,0.45
476166,Alex Toth,AFC Bournemouth,Sub,9,2,187,0,0,1,0,6.3,0.13,0.3,2,0,65,57,5,97,5,3,0,1,1,4,2,0,0,6.06,88,-0.13,-0.3,0.43
140088,Adama Traore,Fulham,Sub,24,1,545,0,0,1,0,6.5,0.69,0.58,7,1,104,81,3,220,4,0,1,12,7,2,14,0,0,6.05,78,-0.69,-0.58,1.27
469485,Romain Esse,Crystal Palace,Sub,4,0,67,0,0,0,0,6.3,0.0,0.01,0,0,20,13,0,38,3,0,1,1,2,0,2,0,0,6.05,65,0.0,-0.01,0.01
603933,Joel Drakes-Thomas,Crystal Palace,Sub,2,0,25,0,0,0,0,6.1,0.0,0.0,0,0,11,8,0,13,1,0,0,0,1,0,0,0,0,6.05,73,0.0,0.0,0.0
469329,Andres Garcia,Aston Villa,Sub,6,1,117,0,0,0,0,6.2,0.0,0.0,0,0,37,37,0,64,6,0,0,0,1,4,1,0,0,6.05,100,0.0,0.0,0.0
576066,George Hemmings,Aston Villa,Sub,2,0,39,0,0,0,0,6.1,0.06,0.01,1,0,17,17,0,20,0,0,0,0,1,0,0,0,0,6.05,100,-0.06,-0.01,0.07
563778,Tyler Fletcher,Manchester United,Sub,2,0,27,0,0,0,0,6.1,0.0,0.0,0,0,19,18,0,20,0,0,0,0,0,0,0,0,0,6.05,95,0.0,0.0,0.0
318744,Josh Dasilva,Brentford,Sub,2,0,21,0,0,0,0,6.1,0.06,0.0,1,0,5,4,1,8,0,0,0,0,0,0,0,0,0,6.05,80,-0.06,0.0,0.06
424624,Zeki Amdouni,Burnley,Sub,4,0,103,0,0,0,0,6.2,0.17,0.02,3,1,20,19,0,36,0,0,1,1,1,0,1,0,0,6.05,95,-0.17,-0.02,0.19
369542,Joel Piroe,Leeds United,FW,16,2,359,0,0,0,0,6.2,1.08,0.11,14,3,97,79,1,146,3,1,5,1,4,1,5,0,0,6.04,81,-1.08,-0.11,1.19
384005,Arnaud Kalimuendo,Nottingham Forest,Sub,9,0,146,0,0,0,0,6.1,0.48,0.0,4,1,29,24,1,46,1,0,4,0,2,1,1,0,0,6.03,83,-0.48,0.0,0.48
531674,Christantus Uche,Crystal Palace,Sub,14,0,263,0,0,0,0,6.5,0.52,0.02,6,2,59,35,0,114,5,0,8,0,4,3,7,0,0,6.02,59,-0.52,-0.02,0.54
383581,Mike Tresor,Burnley,Sub,6,0,76,0,0,0,0,6.2,0.0,0.0,0,0,27,23,1,42,1,0,0,0,0,0,2,0,0,6.02,85,0.0,0.0,0.0
33386,Ashley Barnes,Burnley,Sub,7,0,98,0,0,1,0,6.4,0.18,0.07,2,1,13,4,0,27,0,0,8,1,2,0,2,0,0,6.01,31,-0.18,-0.07,0.25
470715,Tom Watson,Brighton & Hove Albion,Sub,6,0,91,0,0,1,0,6.3,0.06,0.02,1,1,19,14,0,31,1,0,0,0,3,0,0,0,0,6.0,74,-0.06,-0.02,0.08
547830,Jonah Kusi-Asare,Fulham,Sub,7,0,99,0,0,1,0,6.2,0.0,0.0,0,0,16,11,1,25,4,0,1,0,4,0,0,0,0,6.0,69,0.0,0.0,0.0
551871,Joe Knight,Brighton & Hove Albion,Sub,1,0,1,0,0,0,0,6.0,0.0,0.0,0,0,0,0,0,0,0,0,0,0,0,0,0,0,0,6.0,,0.0,0.0,0.0
591587,Nehemiah Oriola,Brighton & Hove Albion,Sub,1,0,1,0,0,0,0,6.0,0.0,0.0,0,0,0,0,0,0,0,0,0,0,0,0,0,0,0,6.0,,0.0,0.0,0.0
423730,Myles Peart-Harris,Brentford,Sub,1,0,3,0,0,0,0,6.0,0.0,0.0,0,0,0,0,0,1,0,0,0,0,1,0,0,0,0,6.0,,0.0,0.0,0.0
454759,Kaden Rodney,Crystal Palace,Sub,1,0,9,0,0,0,0,6.0,0.0,0.0,0,0,5,3,0,5,0,0,0,0,1,0,0,0,0,6.0,60,0.0,0.0,0.0
407154,Dane Scarlett,Tottenham Hotspur,Sub,2,0,21,0,0,0,0,6.1,0.0,0.01,0,0,4,2,0,9,0,0,0,0,1,0,1,0,0,6.0,50,0.0,-0.01,0.01
572656,James Rowswell,Tottenham Hotspur,Sub,1,0,1,0,0,0,0,6.0,0.0,0.0,0,0,0,0,0,0,0,0,0,0,0,0,0,0,0,6.0,,0.0,0.0,0.0
544167,Shumaira Mheuka,Chelsea,Sub,1,0,9,0,0,0,0,6.0,0.0,0.0,0,0,2,1,0,3,1,0,0,0,0,1,0,0,0,6.0,50,0.0,0.0,0.0
437310,Julio Soler,AFC Bournemouth,Sub,3,0,50,0,0,0,0,6.0,0.0,0.0,0,0,23,20,0,31,2,0,0,0,2,0,0,0,0,5.97,87,0.0,0.0,0.0
432384,Facundo Buonanotte,Chelsea,AMC,4,1,96,0,0,1,0,6.1,0.1,0.4,2,0,36,28,3,57,3,1,1,0,1,0,0,0,0,5.97,78,-0.1,-0.4,0.5
509423,Trey Nyoni,Liverpool,Sub,6,0,54,0,0,0,0,6.1,0.38,0.01,1,0,22,20,1,30,2,0,0,0,1,0,1,0,0,5.97,91,-0.38,-0.01,0.39
467913,Mamadou Sarr,Chelsea,Sub,3,1,115,0,0,0,0,6.0,0.35,0.0,1,0,52,46,0,63,3,1,1,0,0,5,0,0,0,5.97,88,-0.35,0.0,0.35
31826,Seamus Coleman,Everton,Sub,5,1,40,0,0,0,0,6.3,0.0,0.21,0,0,18,18,1,26,1,0,1,0,0,2,0,0,0,5.96,100,0.0,-0.21,0.21
362434,Nayef Aguerd,West Ham United,DC,2,2,190,0,0,0,0,6.1,0.06,0.02,2,0,115,104,0,145,1,1,4,1,0,11,0,0,0,5.95,90,-0.06,-0.02,0.08
484501,Callum Marshall,West Ham United,Sub,2,0,72,0,0,0,0,6.0,0.31,0.0,1,0,4,2,0,17,0,2,1,1,0,0,2,0,0,5.9,50,-0.31,0.0,0.31
491564,George Earthy,West Ham United,Sub,1,0,13,0,0,0,0,5.9,0.0,0.0,0,0,3,3,0,3,0,0,0,0,0,0,0,0,0,5.9,100,0.0,0.0,0.0
454337,Jaydon Banel,Burnley,Sub,1,0,13,0,0,0,0,5.9,0.0,0.0,0,0,4,4,0,8,0,0,0,0,1,0,0,0,0,5.9,100,0.0,0.0,0.0
542805,Kaye Furo,Brentford,Sub,1,0,9,0,0,0,0,5.9,0.0,0.0,0,0,0,0,0,3,0,0,0,0,1,0,0,0,0,5.9,,0.0,0.0,0.0
318689,John Victor,Nottingham Forest,GK,5,5,458,0,0,1,0,7.1,0.0,0.0,0,0,130,83,0,151,0,0,0,0,0,4,0,6,0,5.82,64,0.0,0.0,0.0
547069,Ben Winterburn,AFC Bournemouth,Sub,1,0,13,0,0,0,0,5.8,0.0,0.0,0,0,1,0,0,2,0,0,0,0,0,0,0,0,0,5.8,0,0.0,0.0,0.0
550064,Bradley Burrowes,Aston Villa,Sub,1,0,24,0,0,0,0,5.8,0.0,0.0,0,0,5,3,0,13,1,0,0,0,0,0,0,0,0,5.8,60,0.0,0.0,0.0
552461,Sean Neave,Newcastle United,Sub,1,0,21,0,0,0,0,5.8,0.05,0.0,1,0,0,0,0,5,0,0,0,0,0,0,1,0,0,5.8,,-0.05,0.0,0.05
100599,Emil Krafth,Newcastle United,DR,1,1,45,0,0,0,0,5.7,0.0,0.0,0,0,19,14,0,33,0,0,0,0,1,1,1,0,0,5.7,74,0.0,0.0,0.0
412313,Hakon Valdimarsson,Brentford,GK,1,1,103,0,0,0,0,5.7,0.0,0.0,0,0,41,30,0,48,0,0,0,0,0,0,0,1,0,5.7,73,0.0,0.0,0.0
